name,datetime,temp,feelslike,dew,humidity,precip,precipprob,preciptype,snow,snowdepth,windgust,windspeed,winddir,sealevelpressure,cloudcover,visibility,solarradiation,solarenergy,uvindex,severerisk,conditions,icon,stations
ho chi minh,2022-08-23T00:00:00,27,30.6,25,88.84,0,0,,0,0,27.7,14.8,220,1009,88.8,10,0,,0,10,Partially cloudy,partly-cloudy-night,"48900099999,VVTS"
ho chi minh,2022-08-23T01:00:00,26.9,30.4,25,89.38,3,100,rain,0,0,23.4,8.5,260,1009,88.9,10,0,,0,30,"Rain, Partially cloudy",rain,"48894099999,48900099999,VVTS"
ho chi minh,2022-08-23T02:00:00,26,26,25,94.23,0,0,,0,0,18.4,5.4,238,1008,50,10,0,,0,30,Partially cloudy,partly-cloudy-night,"48900099999,VVTS"
ho chi minh,2022-08-23T03:00:00,26,26,25,94.23,0,0,,0,0,20.5,3.6,350,1007,50,10,0,,0,10,Partially cloudy,partly-cloudy-night,"48900099999,VVTS"
ho chi minh,2022-08-23T04:00:00,26,26,25,94.23,0,0,,0,0,16.9,4.3,30,1007.1,53.7,10,0,,0,10,Partially cloudy,partly-cloudy-night,"48894099999,48900099999,VVTS"
ho chi minh,2022-08-23T05:00:00,25,25,25,100,0,0,,0,0,13.7,1.8,233,1007,50,10,0,,0,10,Partially cloudy,partly-cloudy-night,"48900099999,VVTS"
ho chi minh,2022-08-23T06:00:00,26,26,25,94.23,0,0,,0,0,13.7,1.8,280,1008,88.8,7,2,0,0,30,Partially cloudy,partly-cloudy-day,"48900099999,VVTS"
ho chi minh,2022-08-23T07:00:00,26.9,30.9,26,94.53,0,0,,0,0,9.7,3.6,254,1008,53.7,9.1,90,0.3,1,30,Partially cloudy,partly-cloudy-day,"48894099999,48900099999,VVTS"
ho chi minh,2022-08-23T08:00:00,29,34.5,25,79.06,0,0,,0,0,9,3.6,260.1,1009,88.8,8,278,1,3,30,Partially cloudy,partly-cloudy-day,"48900099999,VVTS"
ho chi minh,2022-08-23T09:00:00,30,36.2,25,74.63,0,0,,0,0,12.6,7.6,250,1009,88.8,8,491,1.8,5,30,Partially cloudy,partly-cloudy-day,"48900099999,VVTS"
ho chi minh,2022-08-23T10:00:00,30.8,37.5,25,71.24,0,0,,0,0,13,11.1,254,1009,88.9,10.9,664,2.4,7,30,Partially cloudy,partly-cloudy-day,"48894099999,48900099999,VVTS"
ho chi minh,2022-08-23T11:00:00,31,35.5,23,62.5,0,0,,0,0,13.3,11.2,260,1008,88.8,10,777,2.8,8,30,Partially cloudy,partly-cloudy-day,"48900099999,VVTS"
ho chi minh,2022-08-23T12:00:00,32,37.9,24,62.71,0,0,rain,0,0,13,14.8,260,1007,88.8,10,777,2.8,8,30,Partially cloudy,partly-cloudy-day,"48900099999,VVTS"
ho chi minh,2022-08-23T13:00:00,32.9,39.2,24,59.59,0,0,,0,0,14,12.5,262,1006.1,88,10.9,705,2.5,7,30,Partially cloudy,partly-cloudy-day,"48894099999,48900099999,VVTS"
ho chi minh,2022-08-23T14:00:00,33,40.6,25,62.93,0,0,,0,0,13.7,11.2,290,1005,50,10,550,2,6,30,Partially cloudy,partly-cloudy-day,"48900099999,VVTS"
ho chi minh,2022-08-23T15:00:00,33,39.2,24,59.27,0,0,,0,0,14.4,14.8,300,1004,88.8,10,205,0.7,2,30,Partially cloudy,partly-cloudy-day,"48900099999,VVTS"
ho chi minh,2022-08-23T16:00:00,32.9,39,23.9,59.16,0,0,,0,0,17.6,11.1,270,1004.1,32.9,10.9,106,0.4,1,30,Partially cloudy,partly-cloudy-day,"48894099999,48900099999,VVTS"
ho chi minh,2022-08-23T17:00:00,30,36.2,25,74.63,0,0,,0,0,21.6,25.9,240,1005,50,10,102,0.4,1,30,Partially cloudy,partly-cloudy-day,"48900099999,VVTS"
ho chi minh,2022-08-23T18:00:00,29,34.5,25,79.06,0,0,,0,0,25.2,14.8,210,1006,50,10,33,0.1,0,30,Partially cloudy,partly-cloudy-day,"48900099999,VVTS"
ho chi minh,2022-08-23T19:00:00,28.9,32.7,23.2,71.57,10,100,rain,0,0,28.1,15,240,1007.1,54.7,10.9,0,,0,30,"Rain, Partially cloudy",rain,"48894099999,48900099999,VVTS"
ho chi minh,2022-08-23T20:00:00,28,32.7,25,83.79,0,0,,0,0,27.4,14.8,240,1008,50,10,0,,0,30,Partially cloudy,partly-cloudy-night,"48900099999,VVTS"
ho chi minh,2022-08-23T21:00:00,28,32.7,25,83.79,0,0,,0,0,23.4,13,230,1008,50,10,0,,0,30,Partially cloudy,partly-cloudy-night,"48900099999,VVTS"
ho chi minh,2022-08-23T22:00:00,27.9,32.6,25.1,84.63,0,0,,0,0,22.7,6.9,250,1009.1,54.7,10,0,,0,10,Partially cloudy,partly-cloudy-night,"48894099999,48900099999,VVTS"
ho chi minh,2022-08-23T23:00:00,27,31.2,26,94.27,0,0,,0,0,16.6,9.4,270,1008,50,10,0,,0,10,Partially cloudy,partly-cloudy-night,"48900099999,VVTS"
ho chi minh,2022-08-24T00:00:00,27,31.2,26,94.27,0,0,,0,0,13,9.4,320,1009,50,10,0,,0,10,Partially cloudy,partly-cloudy-night,"48900099999,VVTS"
ho chi minh,2022-08-24T01:00:00,27,30.6,25.1,89.33,0.6,100,rain,0,0,12.6,3.3,340,1009,88.9,7.3,0,,0,10,"Rain, Partially cloudy",rain,"48894099999,48900099999,VVTS"
ho chi minh,2022-08-24T02:00:00,27,30.6,25,88.84,0,0,,0,0,11.9,5.4,330,1008,50,8,0,,0,10,Partially cloudy,partly-cloudy-night,"48900099999,VVTS"
ho chi minh,2022-08-24T03:00:00,26,26,24,88.76,0,0,,0,0,14.8,5.4,264.1,1008,50,8,0,,0,10,Partially cloudy,partly-cloudy-night,"48900099999,VVTS"
ho chi minh,2022-08-24T04:00:00,25.1,25.1,24.1,94.09,0,0,,0,0,12.2,6.9,360,1007.1,54.7,10.9,0,,0,10,Partially cloudy,partly-cloudy-night,"48894099999,48900099999,VVTS"
ho chi minh,2022-08-24T05:00:00,25,25,23,88.68,0,0,,0,0,7.6,5.4,248.7,1007,50,10,0,,0,10,Partially cloudy,partly-cloudy-night,"48900099999,VVTS"
ho chi minh,2022-08-24T06:00:00,25,25,23,88.68,0,0,,0,0,11.2,1.8,300,1007,50,10,2,0,0,10,Partially cloudy,partly-cloudy-day,"48900099999,VVTS"
ho chi minh,2022-08-24T07:00:00,25.9,25.9,23.1,84.41,0,0,,0,0,12.2,1.6,253.7,1008,32,10.9,104,0.4,1,10,Partially cloudy,partly-cloudy-day,"48894099999,48900099999,VVTS"
ho chi minh,2022-08-24T08:00:00,27,29.6,23,78.78,0,0,,0,0,13,1.8,246.7,1008,27,10,334,1.2,3,10,Partially cloudy,partly-cloudy-day,"48900099999,VVTS"
ho chi minh,2022-08-24T09:00:00,28,31.2,23,74.3,0,0,,0,0,14,5.4,258,1008,27,10,507,1.8,5,30,Partially cloudy,partly-cloudy-day,"48900099999,VVTS"
ho chi minh,2022-08-24T10:00:00,29,32.8,23,70.03,0,0,,0,0,11.5,3.9,320,1008,32,10.9,647,2.3,6,30,Partially cloudy,partly-cloudy-day,"48894099999,48900099999,VVTS"
ho chi minh,2022-08-24T11:00:00,32,37.9,24,62.71,0,0,rain,0,0,13.7,9.4,260,1007,27,10,808,2.9,8,30,Partially cloudy,partly-cloudy-day,"48900099999,VVTS"
ho chi minh,2022-08-24T12:00:00,32,37.9,24,62.71,0,0,rain,0,0,13.7,13,240,1006,27,10,787,2.8,8,30,Partially cloudy,partly-cloudy-day,"48900099999,VVTS"
ho chi minh,2022-08-24T13:00:00,32.9,39.2,24,59.72,0,0,,0,0,13,9.2,299,1005.1,88.9,10.9,536,1.9,5,30,Partially cloudy,partly-cloudy-day,"48894099999,48900099999,VVTS"
ho chi minh,2022-08-24T14:00:00,32,37.9,24,62.71,0,0,rain,0,0,12.2,9.4,250,1004,88.8,10,260,0.9,3,30,Partially cloudy,partly-cloudy-day,"48900099999,VVTS"
ho chi minh,2022-08-24T15:00:00,33,40.6,25,62.93,0,0,rain,0,0,10.8,13,330,1004,88.8,10,453,1.6,5,30,Partially cloudy,partly-cloudy-day,"48900099999,VVTS"
ho chi minh,2022-08-24T16:00:00,32,37.9,24,62.95,0,0,rain,0,0,13.7,11.1,282,1003.1,54.7,10.9,360,1.3,4,30,Partially cloudy,partly-cloudy-day,"48894099999,48900099999,VVTS"
ho chi minh,2022-08-24T17:00:00,28,31.2,23,74.3,0,0,,0,0,15.8,16.6,250,1003,50,8,105,0.4,1,30,Partially cloudy,partly-cloudy-day,"48900099999,VVTS"
ho chi minh,2022-08-24T18:00:00,29,32.7,23,70.11,0,0,,0,0,15.1,9.4,180,1004,50,10,11,0,0,30,Partially cloudy,partly-cloudy-day,"48900099999,VVTS"
ho chi minh,2022-08-24T19:00:00,26.9,30,24.1,84.38,2,100,rain,0,0,10.4,11.7,210,1005.1,54.7,10,0,,0,30,"Rain, Partially cloudy",rain,"48894099999,48900099999,VVTS"
ho chi minh,2022-08-24T20:00:00,27,30.1,24,83.68,0,0,rain,0,0,18.7,9.4,210,1006,50,10,0,,0,30,Partially cloudy,partly-cloudy-night,"48900099999,VVTS"
ho chi minh,2022-08-24T21:00:00,28,31.9,24,78.92,0,0,rain,0,0,24.5,7.6,230,1007,88.8,10,0,,0,30,Partially cloudy,partly-cloudy-night,"48900099999,VVTS"
ho chi minh,2022-08-24T22:00:00,26.9,29.9,24,84.37,0,0,,0,0,23.4,8.9,210,1007.1,89.9,10,0,,0,10,Partially cloudy,partly-cloudy-night,"48894099999,48900099999,VVTS"
ho chi minh,2022-08-24T23:00:00,27,30.1,24,83.68,0,0,,0,0,26.6,11.2,180,1007,88.8,10,0,,0,10,Partially cloudy,partly-cloudy-night,"48900099999,VVTS"
ho chi minh,2022-08-25T00:00:00,27,30.1,24,83.68,0,0,,0,0,28.8,11.2,200,1007,88.8,10,0,,0,10,Partially cloudy,partly-cloudy-night,"48900099999,VVTS"
ho chi minh,2022-08-25T01:00:00,26.9,30.4,25,89.38,1,100,rain,0,0,26.6,7.5,220,1006,88,10,0,,0,10,"Rain, Partially cloudy",rain,"48894099999,48900099999,VVTS"
ho chi minh,2022-08-25T02:00:00,27,30.1,24,83.68,0,0,,0,0,22.3,14.8,250,1006,88.8,10,0,,0,10,Partially cloudy,partly-cloudy-night,"48900099999,VVTS"
ho chi minh,2022-08-25T03:00:00,26,26,24,88.76,0,0,,0,0,23,14.8,250,1005,88.8,10,0,,0,10,Partially cloudy,partly-cloudy-night,"48900099999,VVTS"
ho chi minh,2022-08-25T04:00:00,25.9,25.9,24,89.15,0,0,,0,0,16.2,16.1,254,1006,88,10,0,,0,10,Partially cloudy,partly-cloudy-night,"48894099999,48900099999,VVTS"
ho chi minh,2022-08-25T05:00:00,25,25,24,94.19,0,0,,0,0,11.9,13,260,1006,50,10,0,,0,10,Partially cloudy,partly-cloudy-night,"48900099999,VVTS"
ho chi minh,2022-08-25T06:00:00,25,25,23,88.68,0,0,,0,0,6.1,5.4,205.7,1005,50,10,1,0,0,10,Partially cloudy,partly-cloudy-day,"48900099999,VVTS"
ho chi minh,2022-08-25T07:00:00,25.9,25.9,24,89.25,0,0,,0,0,13,7.5,280,1006.1,88.9,10.9,98,0.4,1,10,Partially cloudy,partly-cloudy-day,"48894099999,48900099999,VVTS"
ho chi minh,2022-08-25T08:00:00,27,30.1,24,83.68,0,0,,0,0,14.4,5.4,228,1007,50,10,291,1,3,10,Partially cloudy,partly-cloudy-day,"48900099999,VVTS"
ho chi minh,2022-08-25T09:00:00,29,32.7,23,70.11,0,0,,0,0,18.4,7.6,220,1008,50,10,565,2,6,10,Partially cloudy,partly-cloudy-day,"48900099999,VVTS"
ho chi minh,2022-08-25T10:00:00,30.7,36.2,24,67.42,0,0,,0,0,19.4,12.5,222,1008,53.7,10.9,764,2.8,8,10,Partially cloudy,partly-cloudy-day,"48894099999,48900099999,VVTS"
ho chi minh,2022-08-25T11:00:00,30,35.1,24,70.29,0,0,rain,0,0,20.5,16.6,230,1007,88.8,10,891,3.2,9,10,Partially cloudy,partly-cloudy-day,"48900099999,VVTS"
ho chi minh,2022-08-25T12:00:00,31,37.7,25,70.47,0,0,rain,0,0,20.9,18.4,220,1007,88.8,10,864,3.1,9,30,Partially cloudy,partly-cloudy-day,"48900099999,VVTS"
ho chi minh,2022-08-25T13:00:00,32,36.9,23.1,59.71,0,0,rain,0,0,18.7,14.4,243,1005.1,88,10.9,539,1.9,5,30,Partially cloudy,partly-cloudy-day,"48894099999,48900099999,VVTS"
ho chi minh,2022-08-25T14:00:00,32,37.9,24,62.71,0,0,rain,0,0,20.2,14.8,240,1005,50,10,739,2.7,7,30,Partially cloudy,partly-cloudy-day,"48900099999,VVTS"
ho chi minh,2022-08-25T15:00:00,28,31.2,23,74.3,0,0,rain,0,0,19.4,25.9,220,1005,50,8,628,2.3,6,30,Partially cloudy,partly-cloudy-day,"48900099999,VVTS"
ho chi minh,2022-08-25T16:00:00,27.8,31.6,24,79.92,0,0,rain,0,0,19.8,14,208,1006,89.9,10,327,1.2,3,30,Partially cloudy,partly-cloudy-day,"48894099999,48900099999,VVTS"
ho chi minh,2022-08-25T17:00:00,28,31.9,24,78.92,0,0,rain,0,0,22,14.8,210,1006,88.8,10,93,0.3,1,30,Partially cloudy,partly-cloudy-day,"48900099999,VVTS"
ho chi minh,2022-08-25T18:00:00,26,26,23,83.56,0,0,rain,0,0,26.6,24.1,270,1007,88.8,10,6,0,0,10,Partially cloudy,partly-cloudy-day,"48900099999,VVTS"
ho chi minh,2022-08-25T19:00:00,25,25,24,94.3,24,100,rain,0,0,25.2,11.1,216,1008,89.9,8.2,0,,0,10,"Rain, Partially cloudy",rain,"48894099999,48900099999,VVTS"
ho chi minh,2022-08-25T20:00:00,25,25,24,94.19,0,0,,0,0,21.6,7.6,180,1008,88.8,8,0,,0,30,Partially cloudy,partly-cloudy-night,"48900099999,VVTS"
ho chi minh,2022-08-25T21:00:00,26,26,24,88.76,0,0,,0,0,22.3,5.4,160,1008,88.8,10,0,,0,30,Partially cloudy,partly-cloudy-night,"48900099999,VVTS"
ho chi minh,2022-08-25T22:00:00,25.9,25.9,24,89.4,0,0,,0,0,24.5,6.8,242,1009,89.9,10,0,,0,30,Partially cloudy,partly-cloudy-night,"48894099999,48900099999,VVTS"
ho chi minh,2022-08-25T23:00:00,26,26,24,88.76,0,0,,0,0,30.6,7.6,230,1009,88.8,10,0,,0,10,Partially cloudy,partly-cloudy-night,"48900099999,VVTS"
ho chi minh,2022-08-26T00:00:00,26,26,24,88.76,0,0,,0,0,31,9.4,180,1008,88.8,10,0,,0,10,Partially cloudy,partly-cloudy-night,"48900099999,VVTS"
ho chi minh,2022-08-26T01:00:00,25.9,25.9,24,89.3,0.5,100,rain,0,0,28.4,7.2,180,1008,88,10,0,,0,10,"Rain, Partially cloudy",rain,"48894099999,48900099999,VVTS"
ho chi minh,2022-08-26T02:00:00,26,26,24,88.76,0,0,,0,0,29.5,5.4,173.1,1007,88.8,10,0,,0,10,Partially cloudy,partly-cloudy-night,"48900099999,VVTS"
ho chi minh,2022-08-26T03:00:00,26,26,24,88.76,0,0,,0,0,29.2,5.4,167.8,1007,88.8,10,0,,0,30,Partially cloudy,partly-cloudy-night,"48900099999,VVTS"
ho chi minh,2022-08-26T04:00:00,25.9,25.9,24,89.35,0,0,,0,0,29.9,7.2,160,1007,88.9,10,0,,0,30,Partially cloudy,partly-cloudy-night,"48894099999,48900099999,VVTS"
ho chi minh,2022-08-26T05:00:00,26,26,24,88.76,0,0,,0,0,29.2,5.4,163.4,1007,88.8,10,0,,0,30,Partially cloudy,partly-cloudy-night,"48900099999,VVTS"
ho chi minh,2022-08-26T06:00:00,26,26,24,88.76,0,0,,0,0,22.3,9.4,200,1008,50,10,2,0,0,30,Partially cloudy,partly-cloudy-day,"48900099999,VVTS"
ho chi minh,2022-08-26T07:00:00,26.9,29.8,24,84.51,0,0,,0,0,11.5,6.8,196,1008.1,52.8,10.9,78,0.3,1,10,Partially cloudy,partly-cloudy-day,"48894099999,48900099999,VVTS"
ho chi minh,2022-08-26T08:00:00,28,31.9,24,78.92,0,0,,0,0,14.8,13,220,1009,50,10,244,0.9,2,10,Partially cloudy,partly-cloudy-day,"48900099999,VVTS"
ho chi minh,2022-08-26T09:00:00,29,33.6,24,74.46,0,0,,0,0,16.6,13,230,1010,50,10,476,1.7,5,10,Partially cloudy,partly-cloudy-day,"48900099999,VVTS"
ho chi minh,2022-08-26T10:00:00,29.9,35.1,24.1,71.19,0,0,,0,0,18,19.3,239,1010,53.7,10.9,627,2.3,6,30,Partially cloudy,partly-cloudy-day,"48894099999,48900099999,VVTS"
ho chi minh,2022-08-26T11:00:00,31,36.5,24,66.38,0,0,,0,0,17.6,16.6,250,1009,50,10,680,2.4,7,60,Partially cloudy,partly-cloudy-day,"48900099999,VVTS"
ho chi minh,2022-08-26T12:00:00,31,36.5,24,66.38,0,0,,0,0,16.9,18.4,230,1008,88.8,10,570,2.1,6,30,Partially cloudy,partly-cloudy-day,"48900099999,VVTS"
ho chi minh,2022-08-26T13:00:00,31,37.6,24.9,69.85,0,0,,0,0,18.4,15.7,221,1007.1,88.9,9.1,798,2.9,8,30,Partially cloudy,partly-cloudy-day,"48894099999,48900099999,VVTS"
ho chi minh,2022-08-26T14:00:00,27,30.6,25,88.84,0,0,rain,0,0,19.4,22.3,260,1007,88.8,7,188,0.7,2,30,Partially cloudy,partly-cloudy-day,"48900099999,VVTS"
ho chi minh,2022-08-26T15:00:00,24,24,24,100,0,0,,0,0,19.8,24.1,240,1008,88.8,4,332,1.2,3,30,Partially cloudy,partly-cloudy-day,"48900099999,VVTS"
ho chi minh,2022-08-26T16:00:00,24.9,24.9,23,89.28,0,0,,0,0,19.8,15.3,252,1008,89.9,8.2,502,1.8,5,10,Partially cloudy,partly-cloudy-day,"48894099999,48900099999,VVTS"
ho chi minh,2022-08-26T17:00:00,25,25,23,88.68,0,0,,0,0,17.3,7.6,270,1008,88.8,8,263,0.9,3,10,Partially cloudy,partly-cloudy-day,"48900099999,VVTS"
ho chi minh,2022-08-26T18:00:00,25,25,23,88.68,0,0,,0,0,13.3,7.6,290,1009,88.8,10,65,0.2,1,10,Partially cloudy,partly-cloudy-day,"48900099999,VVTS"
ho chi minh,2022-08-26T19:00:00,25,25,23.1,89.08,27.5,100,rain,0,0,8.6,3.3,187.1,1010,53.7,10.9,0,,0,10,"Rain, Partially cloudy",rain,"48894099999,48900099999,VVTS"
ho chi minh,2022-08-26T20:00:00,25,25,24,94.19,0,0,,0,0,9,3.6,207.8,1010,50,10,0,,0,10,Partially cloudy,partly-cloudy-night,"48900099999,VVTS"
ho chi minh,2022-08-26T21:00:00,25,25,24,94.19,0,0,,0,0,6.1,5.4,171.3,1012,50,8,0,,0,10,Partially cloudy,partly-cloudy-night,"48900099999,VVTS"
ho chi minh,2022-08-26T22:00:00,25,25,24,94.24,0,0,,0,0,5.4,3.3,143.3,1012,88.9,9.1,0,,0,10,Partially cloudy,partly-cloudy-night,"48894099999,48900099999,VVTS"
ho chi minh,2022-08-26T23:00:00,25,25,24,94.19,0,0,,0,0,4.7,5.4,143.7,1012,88.8,8,0,,0,10,Partially cloudy,partly-cloudy-night,"48900099999,VVTS"
ho chi minh,2022-08-27T00:00:00,25,25,24,94.19,0,0,,0,0,3.2,5.4,131.2,1011,88.8,8,0,,0,10,Partially cloudy,partly-cloudy-night,"48900099999,VVTS"
ho chi minh,2022-08-27T01:00:00,25,25,23.1,89.18,0,0,,0,0,3.6,4.9,40,1011,88,9.1,0,,0,10,Partially cloudy,partly-cloudy-night,"48894099999,48900099999,VVTS"
ho chi minh,2022-08-27T02:00:00,25,25,24,94.19,0,0,,0,0,5.8,3.6,36.1,1010,88.8,7,0,,0,10,Partially cloudy,partly-cloudy-night,"48900099999,VVTS"
ho chi minh,2022-08-27T03:00:00,24,24,23,94.15,0,0,,0,0,6.5,7.6,70,1009,88.8,7,0,,0,3,Partially cloudy,partly-cloudy-night,"48900099999,VVTS"
ho chi minh,2022-08-27T04:00:00,24,24,23.1,94.42,0,0,,0,0,7.6,3.3,60,1009,50.9,7.3,0,,0,3,Partially cloudy,partly-cloudy-night,"48894099999,48900099999,VVTS"
ho chi minh,2022-08-27T05:00:00,24,24,23,94.15,0,0,,0,0,9.7,3.6,30.6,1009,50,6,0,,0,3,Partially cloudy,partly-cloudy-night,"48900099999,VVTS"
ho chi minh,2022-08-27T06:00:00,24,24,23,94.15,0,0,,0,0,8.6,5.4,80,1008,27,8,2,0,0,3,Partially cloudy,partly-cloudy-day,"48900099999,VVTS"
ho chi minh,2022-08-27T07:00:00,25.9,25.9,23.1,84.27,0,0,,0,0,10.1,5,50,1009.1,28.3,9.1,121,0.4,1,3,Partially cloudy,partly-cloudy-day,"48894099999,48900099999,VVTS"
ho chi minh,2022-08-27T08:00:00,28,31.2,23,74.3,0,0,,0,0,9.7,0,0,1010,27,10,361,1.3,4,10,Partially cloudy,partly-cloudy-day,"48900099999,VVTS"
ho chi minh,2022-08-27T09:00:00,30,34.1,23,66.18,0,0,,0,0,10.1,3.6,346.8,1010,0,10,593,2.1,6,10,Clear,clear-day,"48900099999,VVTS"
ho chi minh,2022-08-27T10:00:00,30.9,34.5,22.1,59.73,0,0,,0,0,10.8,8.2,290,1010,32.9,10.9,788,2.8,8,10,Partially cloudy,partly-cloudy-day,"48894099999,48900099999,VVTS"
ho chi minh,2022-08-27T11:00:00,32,36.8,23,59.04,0,0,,0,0,11.5,13,320,1009,50,10,924,3.3,9,30,Partially cloudy,partly-cloudy-day,"48900099999,VVTS"
ho chi minh,2022-08-27T12:00:00,33,38.1,23,55.8,0,0,,0,0,11.9,9.4,290,1009,88.8,10,993,3.6,10,30,Partially cloudy,partly-cloudy-day,"48900099999,VVTS"
ho chi minh,2022-08-27T13:00:00,33,40.3,24.8,62.36,0,0,,0,0,12.2,11.8,304,1007.1,52.8,10.9,986,3.5,10,30,Partially cloudy,partly-cloudy-day,"48894099999,48900099999,VVTS"
ho chi minh,2022-08-27T14:00:00,34,40.6,24,56.04,0,0,,0,0,12.6,11.2,300,1006,50,10,905,3.3,9,30,Partially cloudy,partly-cloudy-day,"48900099999,VVTS"
ho chi minh,2022-08-27T15:00:00,34,39.3,23,52.76,0,0,,0,0,11.9,16.6,290,1005,50,10,750,2.7,8,30,Partially cloudy,partly-cloudy-day,"48900099999,VVTS"
ho chi minh,2022-08-27T16:00:00,34,40.3,23.9,55.69,0,0,,0,0,10.8,14.4,284,1005.1,52.8,10.9,553,2,6,30,Partially cloudy,partly-cloudy-day,"48894099999,48900099999,VVTS"
ho chi minh,2022-08-27T17:00:00,32,36.8,23,59.04,0,0,,0,0,9.7,9.4,290,1006,50,10,319,1.1,3,30,Partially cloudy,partly-cloudy-day,"48900099999,VVTS"
ho chi minh,2022-08-27T18:00:00,31,35.5,23,62.5,0,0,rain,0,0,19.8,9.4,290,1006,50,8,32,0.1,0,30,Partially cloudy,partly-cloudy-day,"48900099999,VVTS"
ho chi minh,2022-08-27T19:00:00,24.2,24.2,23.2,94.05,18,100,rain,0,0,19.4,3.9,35,1008,88.9,6.4,0,,0,30,"Rain, Partially cloudy",rain,"48894099999,48900099999,VVTS"
ho chi minh,2022-08-27T20:00:00,26,26,25,94.23,0,0,,0,0,16.9,9.4,230,1009,88.8,10,0,,0,30,Partially cloudy,partly-cloudy-night,"48900099999,VVTS"
ho chi minh,2022-08-27T21:00:00,27,30.6,25,88.84,0,0,,0,0,14,7.6,200,1009,88.8,10,0,,0,30,Partially cloudy,partly-cloudy-night,"48900099999,VVTS"
ho chi minh,2022-08-27T22:00:00,26.8,29.8,24,84.46,0,0,,0,0,15.5,0,0,1009.1,88,10.9,0,,0,10,Partially cloudy,partly-cloudy-night,"48894099999,48900099999,VVTS"
ho chi minh,2022-08-27T23:00:00,26,26,24,88.76,0,0,,0,0,11.5,7.6,10,1009,88.8,10,0,,0,10,Partially cloudy,partly-cloudy-night,"48900099999,VVTS"
ho chi minh,2022-08-28T00:00:00,26,26,24,88.76,0,0,,0,0,6.5,3.6,73.6,1009,88.8,6,0,,0,10,Partially cloudy,partly-cloudy-night,"48900099999,VVTS"
ho chi minh,2022-08-28T01:00:00,25.1,25.1,24.1,94.19,0.1,100,rain,0,0,2.9,4.9,100,1008.1,88,10,0,,0,10,"Rain, Partially cloudy",rain,"48894099999,48900099999,VVTS"
ho chi minh,2022-08-28T02:00:00,26,26,25,94.23,0,0,,0,0,2.9,0,0,1008,50,10,0,,0,10,Partially cloudy,partly-cloudy-night,"48900099999,VVTS"
ho chi minh,2022-08-28T03:00:00,26,26,25,94.23,0,0,,0,0,3.6,0,0,1007,50,10,0,,0,10,Partially cloudy,partly-cloudy-night,"48900099999,VVTS"
ho chi minh,2022-08-28T04:00:00,26,26,25,94.49,0,0,,0,0,3.6,4.9,320,1008,52.8,10,0,,0,10,Partially cloudy,partly-cloudy-night,"48894099999,48900099999,VVTS"
ho chi minh,2022-08-28T05:00:00,25,25,25,100,0,0,,0,0,3.6,1.8,248.9,1008,50,8,0,,0,10,Partially cloudy,partly-cloudy-night,"48900099999,VVTS"
ho chi minh,2022-08-28T06:00:00,25,25,24,94.19,0,0,,0,0,2.2,1.8,320,1008,50,4,2,0,0,10,Partially cloudy,partly-cloudy-day,"48900099999,VVTS"
ho chi minh,2022-08-28T07:00:00,26.9,30.3,25,89.33,0,0,,0,0,4.3,2.9,310.6,1008.1,27.3,4.6,107,0.4,1,30,Partially cloudy,partly-cloudy-day,"48894099999,48900099999,VVTS"
ho chi minh,2022-08-28T08:00:00,28,33.5,26,88.91,0,0,rain,0,0,3.2,3.6,18.7,1009,27,5,359,1.3,4,30,Partially cloudy,partly-cloudy-day,"48900099999,VVTS"
ho chi minh,2022-08-28T09:00:00,30,36.2,25,74.63,0,0,,0,0,2.2,3.6,5.3,1009,27,9,591,2.1,6,30,Partially cloudy,partly-cloudy-day,"48900099999,VVTS"
ho chi minh,2022-08-28T10:00:00,30.9,36.5,24.1,67.11,0,0,,0,0,2.2,1.6,345.3,1009,88,10,776,2.8,8,30,Partially cloudy,partly-cloudy-day,"48894099999,48900099999,VVTS"
ho chi minh,2022-08-28T11:00:00,32,39.2,25,66.58,0,0,,0,0,2.9,1.8,4.9,1008,88.8,10,852,3.1,9,30,Partially cloudy,partly-cloudy-day,"48900099999,VVTS"
ho chi minh,2022-08-28T12:00:00,33,40.6,25,62.93,0,0,rain,0,0,2.9,1.8,320,1007,88.8,10,872,3.1,9,30,Partially cloudy,partly-cloudy-day,"48900099999,VVTS"
ho chi minh,2022-08-28T13:00:00,32.9,40.4,24.9,63.05,0,0,rain,0,0,3.2,3.3,341.1,1006.1,88.9,10.9,913,3.3,9,30,Partially cloudy,partly-cloudy-day,"48894099999,48900099999,VVTS"
ho chi minh,2022-08-28T14:00:00,34,41.9,25,59.5,0,0,,0,0,4,1.8,102.7,1005,88.8,10,753,2.7,8,30,Partially cloudy,partly-cloudy-day,"48900099999,VVTS"
ho chi minh,2022-08-28T15:00:00,33,38.1,23,55.8,0,0,,0,0,6.8,7.6,350,1004,50,10,484,1.7,5,60,Partially cloudy,partly-cloudy-day,"48900099999,VVTS"
ho chi minh,2022-08-28T16:00:00,27.1,30.9,25.1,88.7,0,0,rain,0,0,8.3,12.4,176,1003.2,53.7,2.7,497,1.8,5,60,Partially cloudy,partly-cloudy-day,"48894099999,48900099999,VVTS"
ho chi minh,2022-08-28T17:00:00,26,26,25,94.23,0,0,rain,0,0,13.7,7.6,190,1005,88.8,8,203,0.7,2,60,Partially cloudy,partly-cloudy-day,"48900099999,VVTS"
ho chi minh,2022-08-28T18:00:00,27,30.1,24,83.68,0,0,,0,0,18.4,9.4,160,1005,88.8,7,41,0.1,0,30,Partially cloudy,partly-cloudy-day,"48900099999,VVTS"
ho chi minh,2022-08-28T19:00:00,26.9,30.4,24.9,89.03,3,100,rain,0,0,16.2,3.3,153.2,1007,88.9,9.1,0,,0,10,"Rain, Partially cloudy",rain,"48894099999,48900099999,VVTS"
ho chi minh,2022-08-28T20:00:00,26,26,24,88.76,0,0,,0,0,13,5.4,141.7,1008,88.8,10,0,,0,10,Partially cloudy,partly-cloudy-night,"48900099999,VVTS"
ho chi minh,2022-08-28T21:00:00,27,30.1,24,83.68,0,0,rain,0,0,9,7.6,170,1008,88.8,10,0,,0,10,Partially cloudy,partly-cloudy-night,"48900099999,VVTS"
ho chi minh,2022-08-28T22:00:00,26,26,24.1,89.26,0,0,,0,0,8.6,4.3,118.6,1008.1,88.9,10,0,,0,10,Partially cloudy,partly-cloudy-night,"48894099999,48900099999,VVTS"
ho chi minh,2022-08-28T23:00:00,26,26,24,88.76,0,0,,0,0,6.5,5.4,122.7,1008,50,10,0,,0,10,Partially cloudy,partly-cloudy-night,"48900099999,VVTS"
ho chi minh,2022-08-29T00:00:00,26,26,24,88.76,0,0,,0,0,3.6,3.6,120.6,1008,50,10,0,,0,10,Partially cloudy,partly-cloudy-night,"48900099999,VVTS"
ho chi minh,2022-08-29T01:00:00,25.9,25.9,24.1,89.51,1,100,rain,0,0,5.8,1.4,144.7,1008,50,10,0,,0,10,"Rain, Partially cloudy",rain,"48894099999,48900099999,VVTS"
ho chi minh,2022-08-29T02:00:00,27,30.6,25,88.84,0,0,,0,0,6.8,5.4,140.3,1007,88.8,10,0,,0,10,Partially cloudy,partly-cloudy-night,"48900099999,VVTS"
ho chi minh,2022-08-29T03:00:00,27,30.1,24,83.68,0,0,,0,0,6.5,11.2,130,1007,88.8,10,0,,0,10,Partially cloudy,partly-cloudy-night,"48900099999,VVTS"
ho chi minh,2022-08-29T04:00:00,25.9,25.9,24.1,89.31,0,0,,0,0,7.2,3.3,101.1,1007,86.1,10.9,0,,0,10,Partially cloudy,partly-cloudy-night,"48894099999,48900099999,VVTS"
ho chi minh,2022-08-29T05:00:00,25,25,24,94.19,0,0,,0,0,11.2,3.6,350,1007,50,10,0,,0,10,Partially cloudy,partly-cloudy-night,"48900099999,VVTS"
ho chi minh,2022-08-29T06:00:00,25,25,24,94.19,0,0,,0,0,12.2,3.6,40,1007,27,10,2,0,0,10,Partially cloudy,partly-cloudy-day,"48900099999,VVTS"
ho chi minh,2022-08-29T07:00:00,26,26,25,93.97,0,0,,0,0,13.7,2.9,74,1008.1,52.8,9.1,69,0.2,1,10,Partially cloudy,partly-cloudy-day,"48894099999,48900099999,VVTS"
ho chi minh,2022-08-29T08:00:00,28,31.9,24,78.92,0,0,,0,0,19.1,7.6,70,1009,50,8,255,0.9,3,30,Partially cloudy,partly-cloudy-day,"48900099999,VVTS"
ho chi minh,2022-08-29T09:00:00,30,35.1,24,70.29,0,0,,0,0,23,16.6,120,1009,50,10,492,1.8,5,30,Partially cloudy,partly-cloudy-day,"48900099999,VVTS"
ho chi minh,2022-08-29T10:00:00,31.9,39,25,66.83,0,0,,0,0,23.4,16.1,116,1009.1,52.8,10.9,724,2.6,7,30,Partially cloudy,partly-cloudy-day,"48894099999,48900099999,VVTS"
ho chi minh,2022-08-29T11:00:00,32,37.9,24,62.71,0,0,rain,0,0,22.7,16.6,130,1009,50,10,824,3,8,60,Partially cloudy,partly-cloudy-day,"48900099999,VVTS"
ho chi minh,2022-08-29T12:00:00,32,39.2,25,66.58,0,0,rain,0,0,23,18.4,140,1009,88.8,10,886,3.2,9,60,Partially cloudy,partly-cloudy-day,"48900099999,VVTS"
ho chi minh,2022-08-29T13:00:00,32.9,39.1,24,59.75,0,0,rain,0,0,20.9,18.3,130,1008,88,10.9,914,3.3,9,60,Partially cloudy,partly-cloudy-day,"48894099999,48900099999,VVTS"
ho chi minh,2022-08-29T14:00:00,32,37.9,24,62.71,0,0,rain,0,0,20.5,14.8,140,1007,88.8,10,844,3,8,60,Partially cloudy,partly-cloudy-day,"48900099999,VVTS"
ho chi minh,2022-08-29T15:00:00,33,40.6,25,62.93,0,0,,0,0,20.9,13,150,1007,50,10,711,2.6,7,60,Partially cloudy,partly-cloudy-day,"48900099999,VVTS"
ho chi minh,2022-08-29T16:00:00,32.9,39.1,24,59.45,0,0,rain,0,0,22,16.9,158,1007,48.1,10.9,545,2,5,60,Partially cloudy,partly-cloudy-day,"48894099999,48900099999,VVTS"
ho chi minh,2022-08-29T17:00:00,32,37.9,24,62.71,0,0,,0,0,22.7,14.8,150,1006,50,10,312,1.1,3,60,Partially cloudy,partly-cloudy-day,"48900099999,VVTS"
ho chi minh,2022-08-29T18:00:00,31,36.5,24,66.38,0,0,,0,0,25.2,14.8,160,1007,50,10,79,0.3,1,30,Partially cloudy,partly-cloudy-day,"48900099999,VVTS"
ho chi minh,2022-08-29T19:00:00,29.9,35,24.1,71.19,0,0,,0,0,25.9,13.2,148,1008,27.3,10.9,0,,0,30,Partially cloudy,partly-cloudy-night,"48894099999,48900099999,VVTS"
ho chi minh,2022-08-29T20:00:00,29,34.5,25,79.06,0,0,,0,0,25.6,13,140,1008,27,10,0,,0,30,Partially cloudy,partly-cloudy-night,"48900099999,VVTS"
ho chi minh,2022-08-29T21:00:00,29,34.5,25,79.06,0,0,,0,0,25.6,11.2,150,1009,27,10,0,,0,30,Partially cloudy,partly-cloudy-night,"48900099999,VVTS"
ho chi minh,2022-08-29T22:00:00,28.9,34.4,25.1,79.93,0,0,,0,0,25.9,14.1,117,1009.1,27.3,10.9,0,,0,30,Partially cloudy,partly-cloudy-night,"48894099999,48900099999,VVTS"
ho chi minh,2022-08-29T23:00:00,28,33.5,26,88.91,0,0,,0,0,27,11.2,130,1010,27,10,0,,0,30,Partially cloudy,partly-cloudy-night,"48900099999,VVTS"
ho chi minh,2022-08-30T00:00:00,28,33.5,26,88.91,0.1,100,rain,0,0,27.4,11.2,140,1010,50,10,0,,0,30,"Rain, Partially cloudy",rain,"48900099999,VVTS"
ho chi minh,2022-08-30T01:00:00,28,33.5,26,88.91,0,0,,0,0,25.2,9.4,100,1009,50,10,0,,0,30,Partially cloudy,partly-cloudy-night,"48900099999,VVTS"
ho chi minh,2022-08-30T02:00:00,28,33.5,26,88.91,0,0,,0,0,22.3,11.2,110,1009,50,10,0,,0,30,Partially cloudy,partly-cloudy-night,"48900099999,VVTS"
ho chi minh,2022-08-30T03:00:00,28,32.7,25,83.79,0,0,,0,0,19.8,9.4,100,1009,50,10,0,,0,30,Partially cloudy,partly-cloudy-night,"48900099999,VVTS"
ho chi minh,2022-08-30T04:00:00,26.9,30.5,25,89.33,0,0,,0,0,17.3,3.6,140,1008.1,50,10.9,0,,0,30,Partially cloudy,partly-cloudy-night,"48894099999,48900099999,VVTS"
ho chi minh,2022-08-30T05:00:00,27,30.6,25,88.84,0,0,,0,0,13,5.4,97,1008,50,10,0,,0,30,Partially cloudy,partly-cloudy-night,"48900099999,VVTS"
ho chi minh,2022-08-30T06:00:00,27,30.6,25,88.84,0,0,,0,0,12.2,9.4,130,1009,27,10,2,0,0,30,Partially cloudy,partly-cloudy-day,"48900099999,VVTS"
ho chi minh,2022-08-30T07:00:00,28.9,34.4,25.1,80.06,0,0,,0,0,11.9,7.5,102,1009.1,25.4,10.9,122,0.4,1,30,Partially cloudy,partly-cloudy-day,"48894099999,48900099999,VVTS"
ho chi minh,2022-08-30T08:00:00,30,36.2,25,74.63,0.1,100,rain,0,0,12.2,11.2,100,1010,50,10,362,1.3,4,60,"Rain, Partially cloudy",rain,"48900099999,VVTS"
ho chi minh,2022-08-30T09:00:00,31,37.7,25,70.47,0,0,,0,0,12.6,9.4,100,1010,88.8,10,595,2.1,6,60,Partially cloudy,partly-cloudy-day,"48900099999,VVTS"
ho chi minh,2022-08-30T10:00:00,31.9,37.9,24.1,63.23,0,0,rain,0,0,10.8,7.2,110,1009.1,86.1,10.9,789,2.8,8,60,Partially cloudy,partly-cloudy-day,"48894099999,48900099999,VVTS"
ho chi minh,2022-08-30T11:00:00,33,40.6,25,62.93,0,0,rain,0,0,10.4,9.4,130,1009,88.8,10,923,3.3,9,60,Partially cloudy,partly-cloudy-day,"48900099999,VVTS"
ho chi minh,2022-08-30T12:00:00,33,39.2,24,59.27,0.2,100,rain,0,0,10.8,7.6,140,1008,88.8,10,830,3,8,60,"Rain, Partially cloudy",rain,"48900099999,VVTS"
ho chi minh,2022-08-30T13:00:00,33.9,41.8,25,59.91,0,0,,0,0,13.7,7.9,153,1007.1,88,10.9,306,1.1,3,60,Partially cloudy,partly-cloudy-day,"48894099999,48900099999,VVTS"
ho chi minh,2022-08-30T14:00:00,33,40.6,25,62.93,0,0,rain,0,0,14.4,13,180,1006,88.8,10,521,1.9,5,60,Partially cloudy,partly-cloudy-day,"48900099999,VVTS"
ho chi minh,2022-08-30T15:00:00,24,24,23,94.15,2.2,100,rain,0,0,16.6,14.8,320,1007,50,4,522,1.9,5,60,"Rain, Partially cloudy",rain,"48900099999,VVTS"
ho chi minh,2022-08-30T16:00:00,26.2,26.2,23.9,87.29,0,0,,0,0,16.2,10.5,186,1006,88,10.9,541,1.9,5,60,Partially cloudy,partly-cloudy-day,"48894099999,48900099999,VVTS"
ho chi minh,2022-08-30T17:00:00,29,34.5,25,79.06,0,0,,0,0,19.8,11.2,190,1005,88.8,10,310,1.1,3,60,Partially cloudy,partly-cloudy-day,"48900099999,VVTS"
ho chi minh,2022-08-30T18:00:00,29,35.6,26,83.9,0,0,,0,0,23.4,9.4,180,1007,88.8,10,77,0.3,1,60,Partially cloudy,partly-cloudy-day,"48900099999,VVTS"
ho chi minh,2022-08-30T19:00:00,29,34.5,25,79.19,0,0,,0,0,22,11.1,164,1007,49.1,10.9,0,,0,60,Partially cloudy,partly-cloudy-night,"48894099999,48900099999,VVTS"
ho chi minh,2022-08-30T20:00:00,29,34.5,25,79.06,0,0,,0,0,22.3,14.8,170,1007,50,10,0,,0,30,Partially cloudy,partly-cloudy-night,"48900099999,VVTS"
ho chi minh,2022-08-30T21:00:00,29,34.5,25,79.06,1.6,100,rain,0,0,21.2,5.4,143,1009,50,10,0,,0,60,"Rain, Partially cloudy",rain,"48900099999,VVTS"
ho chi minh,2022-08-30T22:00:00,28.9,34.4,25.1,79.84,0,0,,0,0,17.3,4.9,138.6,1010.1,50.9,10.9,0,,0,30,Partially cloudy,partly-cloudy-night,"48894099999,48900099999,VVTS"
ho chi minh,2022-08-30T23:00:00,28,33.5,26,88.91,2,100,rain,0,0,16.6,9.4,340,1010,50,10,0,,0,30,"Rain, Partially cloudy",rain,"48900099999,VVTS"
ho chi minh,2022-08-31T00:00:00,26,26,24,88.76,0,0,,0,0,15.1,13,360,1009,50,8,0,,0,30,Partially cloudy,partly-cloudy-night,"48900099999,VVTS"
ho chi minh,2022-08-31T01:00:00,26.1,26.1,23.1,83.91,0,0,,0,0,11.5,5.6,360,1009.1,53.7,9.1,0,,0,30,Partially cloudy,partly-cloudy-night,"48894099999,48900099999,VVTS"
ho chi minh,2022-08-31T02:00:00,26,26,24,88.76,0,0,,0,0,11.9,9.4,200,1008,50,8,0,,0,30,Partially cloudy,partly-cloudy-night,"48900099999,VVTS"
ho chi minh,2022-08-31T03:00:00,26,26,24.4,90.95,0,0,,0,0,11.2,3.6,350,1008,50,8,0,,0,30,Partially cloudy,partly-cloudy-night,"48900099999,VVTS"
ho chi minh,2022-08-31T04:00:00,25.1,25.1,24,93.77,0,0,,0,0,7.9,3.3,320,1009,52.8,9.1,0,,0,30,Partially cloudy,partly-cloudy-night,"48894099999,48900099999,VVTS"
ho chi minh,2022-08-31T05:00:00,25,25,24,94.19,0,0,,0,0,6.5,5.4,186.9,1009,50,8,0,,0,30,Partially cloudy,partly-cloudy-night,"48900099999,VVTS"
ho chi minh,2022-08-31T06:00:00,25,25,24,94.19,0,0,,0,0,5,3.6,30,1009,50,5,2,0,0,30,Partially cloudy,partly-cloudy-day,"48900099999,VVTS"
ho chi minh,2022-08-31T07:00:00,26,26,24.1,89.01,0,0,,0,0,3.2,14.1,27,1009,53.7,8.2,117,0.4,1,30,Partially cloudy,partly-cloudy-day,"48894099999,48900099999,VVTS"
ho chi minh,2022-08-31T08:00:00,28,31.9,24,78.92,0,0,,0,0,2.9,13,10,1010,50,10,331,1.2,3,30,Partially cloudy,partly-cloudy-day,"48900099999,VVTS"
ho chi minh,2022-08-31T09:00:00,30,35.1,24,70.29,0,0,,0,0,1.4,1.8,187.9,1009,50,10,547,2,5,30,Partially cloudy,partly-cloudy-day,"48900099999,VVTS"
ho chi minh,2022-08-31T10:00:00,30.9,36.5,24,66.89,0,0,,0,0,0.7,4.3,122,1008.1,48.1,10.9,750,2.7,8,30,Partially cloudy,partly-cloudy-day,"48894099999,48900099999,VVTS"
ho chi minh,2022-08-31T11:00:00,32,36.8,23,59.04,0,0,,0,0,24.1,3.6,340,1008,50,10,894,3.2,9,30,Partially cloudy,partly-cloudy-day,"48900099999,VVTS"
ho chi minh,2022-08-31T12:00:00,33,38.1,23,55.8,0,0,,0,0,1.8,7.6,280,1007,88.8,10,918,3.3,9,30,Partially cloudy,partly-cloudy-day,"48900099999,VVTS"
ho chi minh,2022-08-31T13:00:00,32,39,24.9,65.92,0,0,,0,0,4,7.5,314,1006.2,85.2,10.9,900,3.2,9,30,Partially cloudy,partly-cloudy-day,"48894099999,48900099999,VVTS"
ho chi minh,2022-08-31T14:00:00,31,36.5,24,66.38,0,0,,0,0,5,18.4,230,1005,50,10,841,3,8,30,Partially cloudy,partly-cloudy-day,"48900099999,VVTS"
ho chi minh,2022-08-31T15:00:00,31,36.5,24,66.38,0,0,,0,0,7.2,9.4,160,1004,50,10,722,2.6,7,30,Partially cloudy,partly-cloudy-day,"48900099999,VVTS"
ho chi minh,2022-08-31T16:00:00,32,37.9,23.9,62.37,0,0,,0,0,7.6,10.8,200,1004.1,53.7,8.2,447,1.6,4,30,Partially cloudy,partly-cloudy-day,"48894099999,48900099999,VVTS"
ho chi minh,2022-08-31T17:00:00,27,31.2,26,94.27,0,0,,0,0,11.2,1.8,323.5,1004,50,10,99,0.4,1,30,Partially cloudy,partly-cloudy-day,"48900099999,VVTS"
ho chi minh,2022-08-31T18:00:00,29,35.6,26,83.9,0,0,rain,0,0,6.1,5.4,342,1005,50,10,13,0,0,30,Partially cloudy,partly-cloudy-day,"48900099999,VVTS"
ho chi minh,2022-08-31T19:00:00,28.8,34.3,25.1,80.14,7,100,rain,0,0,9.7,14,190,1006.2,54.7,10,0,,0,30,"Rain, Partially cloudy",rain,"48894099999,48900099999,VVTS"
ho chi minh,2022-08-31T20:00:00,27,31.2,26,94.27,0,0,,0,0,11.5,5.4,147.8,1008,50,7,0,,0,30,Partially cloudy,partly-cloudy-night,"48900099999,VVTS"
ho chi minh,2022-08-31T21:00:00,27,30.6,25,88.84,0,0,,0,0,13,11.2,180,1008,88.8,8,0,,0,30,Partially cloudy,partly-cloudy-night,"48900099999,VVTS"
ho chi minh,2022-08-31T22:00:00,26.9,30.4,25,89.33,0,0,,0,0,14.8,4.9,158,1008.1,88,10,0,,0,30,Partially cloudy,partly-cloudy-night,"48894099999,48900099999,VVTS"
ho chi minh,2022-08-31T23:00:00,27,30.6,25,88.84,0,0,,0,0,13,3.6,163.9,1008,88.8,10,0,,0,30,Partially cloudy,partly-cloudy-night,"48900099999,VVTS"
ho chi minh,2022-09-01T00:00:00,27,30.6,25,88.84,0,0,,0,0,10.8,5.4,220,1008,88.8,10,0,,0,30,Partially cloudy,partly-cloudy-night,"48900099999,VVTS"
ho chi minh,2022-09-01T01:00:00,26,26,24.1,89.41,0.2,100,rain,0,0,4.7,3.3,270,1008,86.1,10,0,,0,30,"Rain, Partially cloudy",rain,"48894099999,48900099999,VVTS"
ho chi minh,2022-09-01T02:00:00,25,25,25,100,0,0,,0,0,2.9,0,0,1007,50,10,0,,0,30,Partially cloudy,partly-cloudy-night,"48900099999,VVTS"
ho chi minh,2022-09-01T03:00:00,26,26,25,94.23,0,0,,0,0,3.2,1.8,265.5,1007,50,10,0,,0,30,Partially cloudy,partly-cloudy-night,"48900099999,VVTS"
ho chi minh,2022-09-01T04:00:00,25.1,25.1,24.1,94.3,0,0,,0,0,4.3,1.4,70,1008,50.9,10,0,,0,30,Partially cloudy,partly-cloudy-night,"48894099999,48900099999,VVTS"
ho chi minh,2022-09-01T05:00:00,25,25,25,100,0,0,,0,0,3.6,1.8,309,1008,50,8,0,,0,30,Partially cloudy,partly-cloudy-night,"48900099999,VVTS"
ho chi minh,2022-09-01T06:00:00,25,25,24,94.19,0,0,,0,0,2.9,1.8,315.8,1009,50,8,2,0,0,30,Partially cloudy,partly-cloudy-day,"48900099999,VVTS"
ho chi minh,2022-09-01T07:00:00,27.8,32.4,25.1,84.95,0,0,,0,0,2.9,0,0,1009,29.2,7.3,123,0.4,1,30,Partially cloudy,partly-cloudy-day,"48894099999,48900099999,VVTS"
ho chi minh,2022-09-01T08:00:00,29,35.6,26,83.9,0,0,,0,0,3.2,1.8,358.2,1009,27,7,363,1.3,4,30,Partially cloudy,partly-cloudy-day,"48900099999,VVTS"
ho chi minh,2022-09-01T09:00:00,31,37.7,25,70.47,0,0,,0,0,4,1.8,354.1,1009,50,8,596,2.1,6,30,Partially cloudy,partly-cloudy-day,"48900099999,VVTS"
ho chi minh,2022-09-01T10:00:00,32,39.2,25,66.58,0,0,,0,0,2.9,4.7,315.1,1009,88.8,10,791,2.8,8,30,Partially cloudy,partly-cloudy-day,"48900099999,VVTS"
ho chi minh,2022-09-01T11:00:00,33,40.6,25,62.93,0,0,,0,0,3.2,5.4,295.9,1008,88.8,10,927,3.3,9,30,Partially cloudy,partly-cloudy-day,"48900099999,VVTS"
ho chi minh,2022-09-01T12:00:00,34,45.3,27,66.98,0,0,,0,0,3.6,5.4,310,1008,88.8,10,994,3.6,10,30,Partially cloudy,partly-cloudy-day,"48900099999,VVTS"
ho chi minh,2022-09-01T13:00:00,32.9,39.2,24,59.59,0,0,rain,0,0,3.2,6.8,330,1007.1,88,10.9,881,3.2,9,30,Partially cloudy,partly-cloudy-day,"48894099999,48900099999,VVTS"
ho chi minh,2022-09-01T14:00:00,34,40.6,24,56.04,0,0,rain,0,0,4.3,7.6,210.3,1006,88.8,10,425,1.5,4,30,Partially cloudy,partly-cloudy-day,"48900099999,VVTS"
ho chi minh,2022-09-01T15:00:00,34,40.6,24,56.04,0,0,rain,0,0,8.3,3.6,157,1005,50,10,168,0.6,2,60,Partially cloudy,partly-cloudy-day,"48900099999,VVTS"
ho chi minh,2022-09-01T16:00:00,33,40.5,24.9,62.51,0,0,,0,0,9.7,5.6,200,1004.1,49.1,10.9,316,1.1,3,60,Partially cloudy,partly-cloudy-day,"48894099999,48900099999,VVTS"
ho chi minh,2022-09-01T17:00:00,33,40.6,25,62.93,0,0,,0,0,11.5,0,0,1004,50,10,210,0.8,2,60,Partially cloudy,partly-cloudy-day,"48900099999,VVTS"
ho chi minh,2022-09-01T18:00:00,29,32.7,23,70.11,0,0,,0,0,13.3,18.4,260,1006,50,10,71,0.3,1,60,Partially cloudy,partly-cloudy-day,"48900099999,VVTS"
ho chi minh,2022-09-01T19:00:00,28.2,32.4,24.1,78.64,0,0,,0,0,15.5,10.4,264,1007,52.8,10.9,0,,0,30,Partially cloudy,partly-cloudy-night,"48894099999,48900099999,VVTS"
ho chi minh,2022-09-01T20:00:00,27,30.1,24,83.68,0,0,,0,0,16.6,5.4,169.4,1008,50,7,0,,0,30,Partially cloudy,partly-cloudy-night,"48900099999,VVTS"
ho chi minh,2022-09-01T21:00:00,27,30.6,25,88.84,0,0,,0,0,15.5,3.6,164.2,1008,88.8,8,0,,0,30,Partially cloudy,partly-cloudy-night,"48900099999,VVTS"
ho chi minh,2022-09-01T22:00:00,27.1,30.7,25,88.35,0,0,,0,0,13.7,2.3,230,1008.1,52.8,10.9,0,,0,30,Partially cloudy,partly-cloudy-night,"48894099999,48900099999,VVTS"
ho chi minh,2022-09-01T23:00:00,27,30.1,24,83.68,0,0,rain,0,0,15.5,5.4,172.6,1009,50,10,0,,0,30,Partially cloudy,partly-cloudy-night,"48900099999,VVTS"
ho chi minh,2022-09-02T00:00:00,27,30.1,24,83.68,0.1,100,rain,0,0,16.6,1.8,180.7,1009,50,10,0,,0,30,"Rain, Partially cloudy",rain,"48900099999,VVTS"
ho chi minh,2022-09-02T01:00:00,27,30.1,24,83.91,0,0,,0,0,13.3,1.6,203.6,1008.9,52.8,10.9,0,,0,30,Partially cloudy,partly-cloudy-night,"48894099999,48900099999,VVTS"
ho chi minh,2022-09-02T02:00:00,27,30.1,24,83.68,0,0,,0,0,11.9,1.8,205,1008,50,10,0,,0,30,Partially cloudy,partly-cloudy-night,"48900099999,VVTS"
ho chi minh,2022-09-02T03:00:00,27,30.1,24,83.68,0.3,100,rain,0,0,10.1,1.8,170,1007,50,10,0,,0,30,"Rain, Partially cloudy",rain,"48900099999,VVTS"
ho chi minh,2022-09-02T04:00:00,26.9,30.5,25,89.18,0,0,,0,0,7.2,1.4,202.7,1007.1,52.8,10,0,,0,30,Partially cloudy,partly-cloudy-night,"48894099999,48900099999,VVTS"
ho chi minh,2022-09-02T05:00:00,27,30.6,25,88.84,0,0,,0,0,5.8,3.6,227.2,1008,50,9,0,,0,30,Partially cloudy,partly-cloudy-night,"48900099999,VVTS"
ho chi minh,2022-09-02T06:00:00,28,32.7,25,83.79,0,0,,0,0,1.4,5.4,218.3,1008,50,8,2,0,0,30,Partially cloudy,partly-cloudy-day,"48900099999,VVTS"
ho chi minh,2022-09-02T07:00:00,28.9,35.3,25.9,84.12,0,0,,0,0,2.5,1.4,235,1008.1,27.3,10.9,121,0.4,1,30,Partially cloudy,partly-cloudy-day,"48894099999,48900099999,VVTS"
ho chi minh,2022-09-02T08:00:00,29,35.6,26,83.9,0,0,rain,0,0,2.2,1.8,260,1009,50,10,353,1.3,4,30,Partially cloudy,partly-cloudy-day,"48900099999,VVTS"
ho chi minh,2022-09-02T09:00:00,30,37.4,26,79.19,0.9,100,rain,0,0,3.6,9.4,250,1009,88.8,10,592,2.1,6,30,"Rain, Partially cloudy",rain,"48900099999,VVTS"
ho chi minh,2022-09-02T10:00:00,31.9,40.4,25.9,70.64,0,0,,0,0,5,8.2,274,1009,88,10.9,788,2.8,8,30,Partially cloudy,partly-cloudy-day,"48894099999,48900099999,VVTS"
ho chi minh,2022-09-02T11:00:00,33,43.8,27,70.84,0.7,100,rain,0,0,8.3,7.6,280,1009,88.8,10,920,3.3,9,30,"Rain, Partially cloudy",rain,"48900099999,VVTS"
ho chi minh,2022-09-02T12:00:00,33,40.6,25,62.93,0.8,100,rain,0,0,8.6,5.4,205.7,1008,88.8,10,960,3.5,10,60,"Rain, Partially cloudy",rain,"48900099999,VVTS"
ho chi minh,2022-09-02T13:00:00,29.4,36.1,25.8,81.1,0,0,rain,0,0,9,11.1,358,1006.9,84.2,9.1,919,3.3,9,60,Partially cloudy,partly-cloudy-day,"48894099999,48900099999,VVTS"
ho chi minh,2022-09-02T14:00:00,27,30.6,25,88.84,0,0,rain,0,0,10.1,18.4,350,1006,88.8,10,721,2.6,7,60,Partially cloudy,partly-cloudy-day,"48900099999,VVTS"
ho chi minh,2022-09-02T15:00:00,29,35.6,26,83.9,1.6,100,rain,0,0,12.2,5.4,201.9,1005,50,10,418,1.5,4,60,"Rain, Partially cloudy",rain,"48900099999,VVTS"
ho chi minh,2022-09-02T16:00:00,29.3,36.1,26,82.32,0,0,rain,0,0,13,5.8,140,1005.1,50.9,10.9,420,1.5,4,60,Partially cloudy,partly-cloudy-day,"48894099999,48900099999,VVTS"
ho chi minh,2022-09-02T17:00:00,30,37.4,26,79.19,0.9,100,rain,0,0,13.3,9.4,130,1006,50,8,297,1.1,3,60,"Rain, Partially cloudy",rain,"48900099999,VVTS"
ho chi minh,2022-09-02T18:00:00,26,26,23,83.56,0.8,100,rain,0,0,15.1,20.5,270,1007,50,8,70,0.3,1,60,"Rain, Partially cloudy",rain,"48900099999,VVTS"
ho chi minh,2022-09-02T19:00:00,24.3,24.3,24,98.22,0,0,,0,0,18.4,14,310,1008.1,52.8,8.2,0,,0,30,Partially cloudy,partly-cloudy-night,"48894099999,48900099999,VVTS"
ho chi minh,2022-09-02T20:00:00,24,24,23,94.15,0,0,,0,0,23,11.2,290,1009,88.8,8,0,,0,30,Partially cloudy,partly-cloudy-night,"48900099999,VVTS"
ho chi minh,2022-09-02T21:00:00,25,25,24,94.19,0.4,100,rain,0,0,21.2,5.4,232.7,1010,88.8,10,0,,0,30,"Rain, Partially cloudy",rain,"48900099999,VVTS"
ho chi minh,2022-09-02T22:00:00,25.1,25.1,24,93.4,0,0,,0,0,19.1,3.9,320,1011,88.9,10.9,0,,0,30,Partially cloudy,partly-cloudy-night,"48894099999,48900099999,VVTS"
ho chi minh,2022-09-02T23:00:00,25,25,24,94.19,0,0,,0,0,17.3,5.4,230.6,1010,50,10,0,,0,30,Partially cloudy,partly-cloudy-night,"48900099999,VVTS"
ho chi minh,2022-09-03T00:00:00,25,25,24,94.19,0,0,,0,0,18,1.8,228.5,1009,50,10,0,,0,30,Partially cloudy,partly-cloudy-night,"48900099999,VVTS"
ho chi minh,2022-09-03T01:00:00,25.1,25.1,24,93.82,0,0,,0,0,11.2,5,66,1008.1,52.8,10.9,0,,0,30,Partially cloudy,partly-cloudy-night,"48894099999,48900099999,VVTS"
ho chi minh,2022-09-03T02:00:00,25,25,24,94.19,0,0,,0,0,9.7,3.6,90,1007,50,8,0,,0,30,Partially cloudy,partly-cloudy-night,"48900099999,VVTS"
ho chi minh,2022-09-03T03:00:00,25,25,24,94.19,0,0,,0,0,7.2,1.8,70,1007,50,8,0,,0,30,Partially cloudy,partly-cloudy-night,"48900099999,VVTS"
ho chi minh,2022-09-03T04:00:00,25,25,24,94.19,0,0,,0,0,5,5,66,1007.1,48.1,8.2,0,,0,30,Partially cloudy,partly-cloudy-night,"48894099999,48900099999,VVTS"
ho chi minh,2022-09-03T05:00:00,25,25,24,94.19,0,0,,0,0,4,5.4,218.1,1008,50,7,0,,0,30,Partially cloudy,partly-cloudy-night,"48900099999,VVTS"
ho chi minh,2022-09-03T06:00:00,25,25,24,94.19,0,0,,0,0,4,3.6,220.4,1008,50,7,2,0,0,10,Partially cloudy,partly-cloudy-day,"48900099999,VVTS"
ho chi minh,2022-09-03T07:00:00,26,26,24.1,89.16,0,0,,0,0,6.1,2.2,90,1008.1,53.7,10.9,74,0.3,1,30,Partially cloudy,partly-cloudy-day,"48894099999,48900099999,VVTS"
ho chi minh,2022-09-03T08:00:00,28,31.9,24,78.92,0,0,,0,0,6.1,3.6,250,1008,27,10,265,1,3,30,Partially cloudy,partly-cloudy-day,"48900099999,VVTS"
ho chi minh,2022-09-03T09:00:00,30,35.1,24,70.29,0,0,,0,0,9,1.8,241.5,1008,27,10,481,1.7,5,30,Partially cloudy,partly-cloudy-day,"48900099999,VVTS"
ho chi minh,2022-09-03T10:00:00,30.9,38.8,25.9,74.69,0,0,,0,0,10.8,5,230,1008.1,52.8,10.9,698,2.5,7,30,Partially cloudy,partly-cloudy-day,"48894099999,48900099999,VVTS"
ho chi minh,2022-09-03T11:00:00,31,40.6,27,79.33,0,0,rain,0,0,11.5,13,270,1008,88.8,10,857,3.1,9,30,Partially cloudy,partly-cloudy-day,"48900099999,VVTS"
ho chi minh,2022-09-03T12:00:00,32,39.2,25,66.58,0,0,rain,0,0,12.6,13,260,1007,88.8,10,856,3.1,9,30,Partially cloudy,partly-cloudy-day,"48900099999,VVTS"
ho chi minh,2022-09-03T13:00:00,33,41.7,25.8,65.97,0,0,,0,0,14,11.8,262,1007,88,10.9,668,2.4,7,30,Partially cloudy,partly-cloudy-day,"48894099999,48900099999,VVTS"
ho chi minh,2022-09-03T14:00:00,33,40.6,25,62.93,0,0,rain,0,0,15.1,11.2,280,1005,88.8,10,344,1.2,3,30,Partially cloudy,partly-cloudy-day,"48900099999,VVTS"
ho chi minh,2022-09-03T15:00:00,34,40.6,24,56.04,0,0,,0,0,16.6,11.2,290,1004,50,10,195,0.7,2,30,Partially cloudy,partly-cloudy-day,"48900099999,VVTS"
ho chi minh,2022-09-03T16:00:00,33.8,41.6,24.9,59.63,0,0,rain,0,0,15.1,8.5,270,1004.1,52.8,10.9,217,0.8,2,30,Partially cloudy,partly-cloudy-day,"48894099999,48900099999,VVTS"
ho chi minh,2022-09-03T17:00:00,30,35.1,24,70.29,0,0,,0,0,51.8,27.7,240,1005,50,10,243,0.9,2,30,Partially cloudy,partly-cloudy-day,"48900099999,VVTS"
ho chi minh,2022-09-03T18:00:00,28,31.9,24,78.92,0,0,rain,0,0,18.7,18.4,190,1007,50,10,53,0.2,1,30,Partially cloudy,partly-cloudy-day,"48900099999,VVTS"
ho chi minh,2022-09-03T19:00:00,27.7,31.4,24,80.18,56,100,rain,0,0,18.4,12.5,188,1007.1,53.7,10.9,0,,0,30,"Rain, Partially cloudy",rain,"48894099999,48900099999,VVTS"
ho chi minh,2022-09-03T20:00:00,28,31.9,24,78.92,0,0,,0,0,20.9,11.2,200,1008,50,10,0,,0,30,Partially cloudy,partly-cloudy-night,"48900099999,VVTS"
ho chi minh,2022-09-03T21:00:00,28,31.9,24,78.92,0,0,,0,0,21.2,11.2,210,1009,50,10,0,,0,30,Partially cloudy,partly-cloudy-night,"48900099999,VVTS"
ho chi minh,2022-09-03T22:00:00,27.8,31.6,24.1,80.15,0,0,,0,0,23.4,10.1,220,1010,53.7,10.9,0,,0,10,Partially cloudy,partly-cloudy-night,"48894099999,48900099999,VVTS"
ho chi minh,2022-09-03T23:00:00,27,30.6,25,88.84,0,0,,0,0,26.6,9.4,280,1009,50,10,0,,0,30,Partially cloudy,partly-cloudy-night,"48900099999,VVTS"
ho chi minh,2022-09-04T00:00:00,27,30.6,25,88.84,0,0,,0,0,24.5,3.6,197.6,1009,50,10,0,,0,30,Partially cloudy,partly-cloudy-night,"48900099999,VVTS"
ho chi minh,2022-09-04T01:00:00,26.9,30.4,25,89.38,0,0,,0,0,23.4,3.3,212.4,1009,52.8,10.9,0,,0,30,Partially cloudy,partly-cloudy-night,"48894099999,48900099999,VVTS"
ho chi minh,2022-09-04T02:00:00,26,26,25,94.23,0,0,,0,0,23.8,3.6,270,1008,50,10,0,,0,30,Partially cloudy,partly-cloudy-night,"48900099999,VVTS"
ho chi minh,2022-09-04T03:00:00,26,26,25,94.23,0,0,,0,0,24.5,5.4,211.6,1008,50,10,0,,0,30,Partially cloudy,partly-cloudy-night,"48900099999,VVTS"
ho chi minh,2022-09-04T04:00:00,26,26,25,94.6,0,0,,0,0,18,1.6,310,1008,52.8,10.9,0,,0,30,Partially cloudy,partly-cloudy-night,"48894099999,48900099999,VVTS"
ho chi minh,2022-09-04T05:00:00,26,26,25,94.23,0,0,,0,0,7.2,1.8,290,1008,50,10,0,,0,30,Partially cloudy,partly-cloudy-night,"48900099999,VVTS"
ho chi minh,2022-09-04T06:00:00,26,26,25,94.23,0,0,,0,0,6.8,5.4,250,1008,27,10,2,0,0,30,Partially cloudy,partly-cloudy-day,"48900099999,VVTS"
ho chi minh,2022-09-04T07:00:00,27.8,32.4,25,84.81,0,0,,0,0,20.2,8.8,225,1008.1,32,10.9,122,0.4,1,30,Partially cloudy,partly-cloudy-day,"48894099999,48900099999,VVTS"
ho chi minh,2022-09-04T08:00:00,29,35.6,26,83.9,0,0,rain,0,0,19.1,5.4,248.8,1009,50,10,359,1.3,4,30,Partially cloudy,partly-cloudy-day,"48900099999,VVTS"
ho chi minh,2022-09-04T09:00:00,31,37.7,25,70.47,0,0,,0,0,23,14.8,270,1009,88.8,10,589,2.1,6,30,Partially cloudy,partly-cloudy-day,"48900099999,VVTS"
ho chi minh,2022-09-04T10:00:00,31.7,38.9,25.1,67.84,0,0,rain,0,0,23,14.6,270,1009,88.9,10.9,786,2.8,8,30,Partially cloudy,partly-cloudy-day,"48894099999,48900099999,VVTS"
ho chi minh,2022-09-04T11:00:00,32,39.2,25,66.58,0,0,rain,0,0,23,20.5,260,1008,88.8,10,871,3.1,9,60,Partially cloudy,partly-cloudy-day,"48900099999,VVTS"
ho chi minh,2022-09-04T12:00:00,32,39.2,25,66.58,0,0,,0,0,23.8,14.8,250,1007,88.8,10,936,3.4,9,60,Partially cloudy,partly-cloudy-day,"48900099999,VVTS"
ho chi minh,2022-09-04T13:00:00,28.9,34.4,25,79.62,3,100,rain,0,0,25.2,30.3,270,1007,88,10.9,940,3.4,9,60,"Rain, Partially cloudy",rain,"48894099999,48900099999,VVTS"
ho chi minh,2022-09-04T14:00:00,28,31.9,24,78.92,0,0,rain,0,0,26.3,24.1,260,1006,88.8,10,880,3.2,9,60,Partially cloudy,partly-cloudy-day,"48900099999,VVTS"
ho chi minh,2022-09-04T15:00:00,30,36.2,25,74.63,0,0,rain,0,0,25.2,14.8,260,1006,50,10,484,1.7,5,60,Partially cloudy,partly-cloudy-day,"48900099999,VVTS"
ho chi minh,2022-09-04T16:00:00,30.9,36.4,24,66.73,0,0,,0,0,26.6,9.6,278,1006.1,52.8,10.9,361,1.3,4,60,Partially cloudy,partly-cloudy-day,"48894099999,48900099999,VVTS"
ho chi minh,2022-09-04T17:00:00,30,36.2,25,74.63,0,0,rain,0,0,30.6,5.4,253.2,1006,50,10,92,0.3,1,30,Partially cloudy,partly-cloudy-day,"48900099999,VVTS"
ho chi minh,2022-09-04T18:00:00,27,30.6,25,88.84,0,0,rain,0,0,27.7,18.4,200,1007,50,8,2,0,0,30,Partially cloudy,partly-cloudy-day,"48900099999,VVTS"
ho chi minh,2022-09-04T19:00:00,27.8,31.5,24,80.14,0,0,rain,0,0,29.9,11.7,210,1008.1,54.7,9.1,0,,0,30,Partially cloudy,partly-cloudy-night,"48894099999,48900099999,VVTS"
ho chi minh,2022-09-04T20:00:00,27,30.6,25,88.84,0,0,rain,0,0,33.1,18.4,250,1010,50,10,0,,0,30,Partially cloudy,partly-cloudy-night,"48900099999,VVTS"
ho chi minh,2022-09-04T21:00:00,26,26,24,88.76,0,0,rain,0,0,30.2,22.3,250,1011,50,10,0,,0,30,Partially cloudy,partly-cloudy-night,"48900099999,VVTS"
ho chi minh,2022-09-04T22:00:00,25,25,24,94.08,0,0,rain,0,0,27,15.7,262,1011,54.7,10.9,0,,0,10,Partially cloudy,partly-cloudy-night,"48894099999,48900099999,VVTS"
ho chi minh,2022-09-04T23:00:00,25,25,23,88.68,0,0,rain,0,0,23.8,14.8,280,1011,88.8,10,0,,0,10,Partially cloudy,partly-cloudy-night,"48900099999,VVTS"
ho chi minh,2022-09-05T00:00:00,25,25,24,94.19,0,0,rain,0,0,20.2,11.2,290,1010,88.8,10,0,,0,10,Partially cloudy,partly-cloudy-night,"48900099999,VVTS"
ho chi minh,2022-09-05T01:00:00,25,25,24,94.19,0.7,100,rain,0,0,9.7,6,280,1009.1,89.9,10,0,,0,10,"Rain, Partially cloudy",rain,"48894099999,48900099999,VVTS"
ho chi minh,2022-09-05T02:00:00,25,25,24,94.19,0,0,,0,0,13.3,5.4,284.1,1009,50,8,0,,0,10,Partially cloudy,partly-cloudy-night,"48900099999,VVTS"
ho chi minh,2022-09-05T03:00:00,25,25,24,94.19,0,0,rain,0,0,13.7,1.8,315.1,1008,50,10,0,,0,10,Partially cloudy,partly-cloudy-night,"48900099999,VVTS"
ho chi minh,2022-09-05T04:00:00,25,25,24,94.4,0,0,,0,0,7.9,0,319.1,1008.1,52.8,10,0,,0,10,Partially cloudy,partly-cloudy-night,"48894099999,48900099999,VVTS"
ho chi minh,2022-09-05T05:00:00,25,25,24,94.19,0,0,,0,0,1.4,0,0,1008,50,10,0,,0,10,Partially cloudy,partly-cloudy-night,"48900099999,VVTS"
ho chi minh,2022-09-05T06:00:00,25,25,24,94.19,0,0,,0,0,8.3,11.2,250,1009,50,8,1,0,0,10,Partially cloudy,partly-cloudy-day,"48900099999,VVTS"
ho chi minh,2022-09-05T07:00:00,25.9,25.9,24,89.4,0,0,,0,0,14,4.9,255.1,1010,53.7,10.9,38,0.1,0,10,Partially cloudy,partly-cloudy-day,"48894099999,48900099999,VVTS"
ho chi minh,2022-09-05T08:00:00,27,30.6,25,88.84,0,0,rain,0,0,10.4,5.4,296.2,1010,50,10,86,0.3,1,10,Partially cloudy,partly-cloudy-day,"48900099999,VVTS"
ho chi minh,2022-09-05T09:00:00,29,34.5,25,79.06,0,0,rain,0,0,13.3,7.6,280,1010,50,10,140,0.5,1,10,Partially cloudy,partly-cloudy-day,"48900099999,VVTS"
ho chi minh,2022-09-05T10:00:00,29.9,36,25,74.86,0,0,rain,0,0,16.6,12.4,288,1010.1,88.9,10.9,236,0.8,2,10,Partially cloudy,partly-cloudy-day,"48894099999,48900099999,VVTS"
ho chi minh,2022-09-05T11:00:00,32,39.2,25,66.58,0,0,rain,0,0,22,14.8,280,1010,88.8,10,565,2,6,30,Partially cloudy,partly-cloudy-day,"48900099999,VVTS"
ho chi minh,2022-09-05T12:00:00,30,36.2,25,74.63,0,0,,0,0,24.8,13,290,1009,50,10,717,2.6,7,30,Partially cloudy,partly-cloudy-day,"48900099999,VVTS"
ho chi minh,2022-09-05T13:00:00,32,39,24.9,66.13,0,0,,0,0,20.2,16,279,1008,88.9,10.9,673,2.4,7,30,Partially cloudy,partly-cloudy-day,"48894099999,48900099999,VVTS"
ho chi minh,2022-09-05T14:00:00,32,39.2,25,66.58,0,0,,0,0,20.2,16.6,300,1007,50,10,718,2.6,7,30,Partially cloudy,partly-cloudy-day,"48900099999,VVTS"
ho chi minh,2022-09-05T15:00:00,32,37.9,24,62.71,0,0,,0,0,20.9,13,290,1006,88.8,10,625,2.3,6,30,Partially cloudy,partly-cloudy-day,"48900099999,VVTS"
ho chi minh,2022-09-05T16:00:00,31.9,37.7,24,62.87,0,0,,0,0,23.4,14.1,302,1006,88.9,10.9,517,1.9,5,30,Partially cloudy,partly-cloudy-day,"48894099999,48900099999,VVTS"
ho chi minh,2022-09-05T17:00:00,30,35.1,24,70.29,0,0,,0,0,23.8,16.6,260,1006,50,10,267,1,3,30,Partially cloudy,partly-cloudy-day,"48900099999,VVTS"
ho chi minh,2022-09-05T18:00:00,29,32.7,23,70.11,0,0,,0,0,29.2,20.5,220,1007,50,10,34,0.1,0,10,Partially cloudy,partly-cloudy-day,"48900099999,VVTS"
ho chi minh,2022-09-05T19:00:00,27.8,32.3,24.9,84.19,2,100,rain,0,0,27.4,10.1,220,1008.1,54.7,10,0,,0,10,"Rain, Partially cloudy",rain,"48894099999,48900099999,VVTS"
ho chi minh,2022-09-05T20:00:00,27,30.6,25,88.84,0,0,,0,0,27,13,200,1009,50,10,0,,0,10,Partially cloudy,partly-cloudy-night,"48900099999,VVTS"
ho chi minh,2022-09-05T21:00:00,27,30.6,25,88.84,0,0,,0,0,22.7,11.2,220,1009,88.8,10,0,,0,10,Partially cloudy,partly-cloudy-night,"48900099999,VVTS"
ho chi minh,2022-09-05T22:00:00,26.9,30.5,25,89.23,0,0,,0,0,10.1,6.9,220,1010,89.9,10,0,,0,10,Partially cloudy,partly-cloudy-night,"48894099999,48900099999,VVTS"
ho chi minh,2022-09-05T23:00:00,27,30.6,25,88.84,0,0,,0,0,15.1,7.6,240,1009,88.8,10,0,,0,10,Partially cloudy,partly-cloudy-night,"48900099999,VVTS"
ho chi minh,2022-09-06T00:00:00,27,30.6,25,88.84,0,0,,0,0,18.7,5.4,227.9,1009,50,10,0,,0,10,Partially cloudy,partly-cloudy-night,"48900099999,VVTS"
ho chi minh,2022-09-06T01:00:00,26.9,30.3,25,89.33,0.6,100,rain,0,0,16.2,10.1,250,1008.1,53.7,10.9,0,,0,10,"Rain, Partially cloudy",rain,"48894099999,48900099999,VVTS"
ho chi minh,2022-09-06T02:00:00,26,26,25,94.23,0,0,,0,0,13.3,9.4,250,1008,50,10,0,,0,10,Partially cloudy,partly-cloudy-night,"48900099999,VVTS"
ho chi minh,2022-09-06T03:00:00,26,26,25,94.23,0,0,,0,0,18.4,9.4,250,1007,50,10,0,,0,10,Partially cloudy,partly-cloudy-night,"48900099999,VVTS"
ho chi minh,2022-09-06T04:00:00,25.9,25.9,24.9,94.34,0,0,,0,0,12.6,8.9,220,1007.1,52.8,10,0,,0,10,Partially cloudy,partly-cloudy-night,"48894099999,48900099999,VVTS"
ho chi minh,2022-09-06T05:00:00,26,26,25,94.23,0,0,rain,0,0,9.7,7.6,210,1008,88.8,10,0,,0,10,Partially cloudy,partly-cloudy-night,"48900099999,VVTS"
ho chi minh,2022-09-06T06:00:00,26,26,25,94.23,0,0,,0,0,12.2,5.4,220,1008,88.8,10,2,0,0,10,Partially cloudy,partly-cloudy-day,"48900099999,VVTS"
ho chi minh,2022-09-06T07:00:00,26.9,30.3,25,89.57,0,0,rain,0,0,10.4,2.9,246.1,1008.1,88.9,10.9,43,0.2,0,10,Partially cloudy,partly-cloudy-day,"48894099999,48900099999,VVTS"
ho chi minh,2022-09-06T08:00:00,28,32.7,25,83.79,0,0,rain,0,0,9.7,5.4,263.1,1010,50,10,241,0.9,2,30,Partially cloudy,partly-cloudy-day,"48900099999,VVTS"
ho chi minh,2022-09-06T09:00:00,29,34.5,25,79.06,0,0,rain,0,0,9.4,11.2,260,1010,88.8,10,172,0.6,2,30,Partially cloudy,partly-cloudy-day,"48900099999,VVTS"
ho chi minh,2022-09-06T10:00:00,30,36.1,25,74.62,0,0,,0,0,10.1,11.8,254,1010,88.9,10.9,152,0.5,2,30,Partially cloudy,partly-cloudy-day,"48894099999,48900099999,VVTS"
ho chi minh,2022-09-06T11:00:00,31,37.7,25,70.47,0,0,,0,0,14,7.6,280,1009,88.8,10,144,0.5,1,30,Partially cloudy,partly-cloudy-day,"48900099999,VVTS"
ho chi minh,2022-09-06T12:00:00,31,36.5,24,66.38,0,0,,0,0,31.7,11.2,290,1008,88.8,10,177,0.6,2,30,Partially cloudy,partly-cloudy-day,"48900099999,VVTS"
ho chi minh,2022-09-06T13:00:00,31,36.6,24.1,66.75,0,0,,0,0,17.3,13.1,293,1007,88.9,10.9,208,0.7,2,10,Partially cloudy,partly-cloudy-day,"48894099999,48900099999,VVTS"
ho chi minh,2022-09-06T14:00:00,32,39.2,25,66.58,0,0,rain,0,0,16.9,14.8,310,1006,50,10,168,0.6,2,10,Partially cloudy,partly-cloudy-day,"48900099999,VVTS"
ho chi minh,2022-09-06T15:00:00,32,37.9,24,62.71,0,0,,0,0,19.1,16.6,300,1005,50,10,182,0.7,2,10,Partially cloudy,partly-cloudy-day,"48900099999,VVTS"
ho chi minh,2022-09-06T16:00:00,29.8,35.7,24.8,74.88,0,0,rain,0,0,20.5,23.5,260,1006,53.7,10.9,150,0.5,2,10,Partially cloudy,partly-cloudy-day,"48894099999,48900099999,VVTS"
ho chi minh,2022-09-06T17:00:00,26,26,25,94.23,0,0,,0,0,23,13,290,1007,50,2,89,0.3,1,10,Partially cloudy,partly-cloudy-day,"48900099999,VVTS"
ho chi minh,2022-09-06T18:00:00,26,26,25,94.23,0,0,,0,0,26.6,20.5,220,1008,88.8,6,17,0.1,0,10,Partially cloudy,partly-cloudy-night,"48900099999,VVTS"
ho chi minh,2022-09-06T19:00:00,25,25,23.1,89.08,2,100,rain,0,0,30.6,21.2,240,1009.1,89.9,6.7,0,,0,10,"Rain, Partially cloudy",rain,"48894099999,48900099999,VVTS"
ho chi minh,2022-09-06T20:00:00,25,25,24,94.19,0,0,,0,0,32,11.2,220,1010,88.8,9,0,,0,10,Partially cloudy,partly-cloudy-night,"48900099999,VVTS"
ho chi minh,2022-09-06T21:00:00,25,25,24,94.19,0,0,,0,0,28.1,9.4,240,1010,88.8,10,0,,0,10,Partially cloudy,partly-cloudy-night,"48900099999,VVTS"
ho chi minh,2022-09-06T22:00:00,24.9,24.9,24,94.61,0,0,,0,0,17.6,10.8,270,1010,89.9,10,0,,0,10,Partially cloudy,partly-cloudy-night,"48894099999,48900099999,VVTS"
ho chi minh,2022-09-06T23:00:00,25,25,24,94.19,0,0,,0,0,15.5,5.4,234.8,1010,50,8,0,,0,10,Partially cloudy,partly-cloudy-night,"48900099999,VVTS"
ho chi minh,2022-09-07T00:00:00,25,25,24,94.19,0,0,,0,0,9.4,1.8,360,1009,50,8,0,,0,10,Partially cloudy,partly-cloudy-night,"48900099999,VVTS"
ho chi minh,2022-09-07T01:00:00,25,25,24,94.46,9,100,rain,0,0,8.3,1.6,326.5,1009,54.7,8.2,0,,0,10,"Rain, Partially cloudy",rain,"48894099999,48900099999,VVTS"
ho chi minh,2022-09-07T02:00:00,25,25,24,94.19,0,0,,0,0,6.5,1.8,325.7,1008,50,8,0,,0,10,Partially cloudy,partly-cloudy-night,"48900099999,VVTS"
ho chi minh,2022-09-07T03:00:00,25,25,24,94.19,0,0,,0,0,1.8,0,0,1008,50,8,0,,0,10,Partially cloudy,partly-cloudy-night,"48900099999,VVTS"
ho chi minh,2022-09-07T04:00:00,25,25,24,94.46,0,0,,0,0,4.7,0.3,341,1007.1,54.7,7.3,0,,0,10,Partially cloudy,partly-cloudy-night,"48894099999,48900099999,VVTS"
ho chi minh,2022-09-07T05:00:00,25,25,24,94.19,0,0,rain,0,0,4.7,1.8,320,1008,50,7,0,,0,10,Partially cloudy,partly-cloudy-night,"48900099999,VVTS"
ho chi minh,2022-09-07T06:00:00,25,25,25,100,0,0,,0,0,7.9,0,0,1008,88.8,5,2,0,0,10,Partially cloudy,partly-cloudy-day,"48900099999,VVTS"
ho chi minh,2022-09-07T07:00:00,25.9,25.9,25,94.39,0,0,,0,0,4.3,0,0,1009,89.9,7.3,52,0.2,1,10,Partially cloudy,partly-cloudy-day,"48894099999,48900099999,VVTS"
ho chi minh,2022-09-07T08:00:00,26,26,25,94.23,0,0,,0,0,3.6,1.8,5.1,1010,88.8,6,114,0.4,1,10,Partially cloudy,partly-cloudy-day,"48900099999,VVTS"
ho chi minh,2022-09-07T09:00:00,27,30.6,25,88.84,0,0,,0,0,6.1,5.4,270,1010,88.8,7,293,1.1,3,10,Partially cloudy,partly-cloudy-day,"48900099999,VVTS"
ho chi minh,2022-09-07T10:00:00,28,32.6,25,83.69,0,0,,0,0,13.3,3.6,200,1010.1,88.9,9.1,275,1,3,10,Partially cloudy,partly-cloudy-day,"48894099999,48900099999,VVTS"
ho chi minh,2022-09-07T11:00:00,29,33.6,24,74.46,0,0,rain,0,0,18,1.8,224.2,1009,88.8,8,239,0.9,2,10,Partially cloudy,partly-cloudy-day,"48900099999,VVTS"
ho chi minh,2022-09-07T12:00:00,27,30.6,25,88.84,0,0,rain,0,0,22,16.6,190,1009,88.8,6,499,1.8,5,10,Partially cloudy,partly-cloudy-day,"48900099999,VVTS"
ho chi minh,2022-09-07T13:00:00,25,25,24.1,94.46,5,100,rain,0,0,21.6,13.1,279,1008,89.9,5.8,299,1.1,3,10,"Rain, Partially cloudy",rain,"48894099999,48900099999,VVTS"
ho chi minh,2022-09-07T14:00:00,26,26,24,88.76,0,0,rain,0,0,23.8,16.6,290,1007,88.8,10,691,2.5,7,10,Partially cloudy,partly-cloudy-day,"48900099999,VVTS"
ho chi minh,2022-09-07T15:00:00,26,26,24,88.76,0,0,rain,0,0,22.3,18.4,270,1007,88.8,10,327,1.2,3,30,Partially cloudy,partly-cloudy-day,"48900099999,VVTS"
ho chi minh,2022-09-07T16:00:00,26.9,29.9,23.9,83.76,0,0,,0,0,30.2,15.3,250,1007.1,88.9,10.9,95,0.3,1,10,Partially cloudy,partly-cloudy-day,"48894099999,48900099999,VVTS"
ho chi minh,2022-09-07T17:00:00,27,30.1,24,83.68,0,0,,0,0,41.8,18.4,270,1007,88.8,10,53,0.2,1,10,Partially cloudy,partly-cloudy-day,"48900099999,VVTS"
ho chi minh,2022-09-07T18:00:00,26,26,24,88.76,0,0,,0,0,43.6,14.8,260,1008,88.8,10,13,0,0,10,Partially cloudy,partly-cloudy-night,"48900099999,VVTS"
ho chi minh,2022-09-07T19:00:00,26,26,24,88.76,3,100,rain,0,0,35.3,6,260,1009,88.9,10.9,0,,0,10,"Rain, Partially cloudy",rain,"48894099999,48900099999,VVTS"
ho chi minh,2022-09-07T20:00:00,26,26,23,83.56,0,0,,0,0,30.6,11.2,240,1009,50,10,0,,0,10,Partially cloudy,partly-cloudy-night,"48900099999,VVTS"
ho chi minh,2022-09-07T21:00:00,26,26,24,88.76,0,0,,0,0,24.1,11.2,250,1011,50,10,0,,0,10,Partially cloudy,partly-cloudy-night,"48900099999,VVTS"
ho chi minh,2022-09-07T22:00:00,25.9,25.9,24,89.25,0,0,,0,0,8.3,8.5,240,1011,53.7,10.9,0,,0,10,Partially cloudy,partly-cloudy-night,"48894099999,48900099999,VVTS"
ho chi minh,2022-09-07T23:00:00,25,25,24,94.19,0,0,,0,0,9,5.4,260,1011,50,10,0,,0,10,Partially cloudy,partly-cloudy-night,"48900099999,VVTS"
ho chi minh,2022-09-08T00:00:00,25,25,24,94.19,0,0,,0,0,9.4,5.4,250,1010,50,10,0,,0,10,Partially cloudy,partly-cloudy-night,"48900099999,VVTS"
ho chi minh,2022-09-08T01:00:00,25,25,24,94.19,0,0,,0,0,5.8,4.3,220,1010,53.7,10.9,0,,0,10,Partially cloudy,partly-cloudy-night,"48894099999,48900099999,VVTS"
ho chi minh,2022-09-08T02:00:00,26,26,24,88.76,0,0,,0,0,6.8,5.4,220,1009,50,10,0,,0,10,Partially cloudy,partly-cloudy-night,"48900099999,VVTS"
ho chi minh,2022-09-08T03:00:00,26,26,24,88.76,0.5,100,rain,0,0,7.2,7.6,220,1009,50,10,0,,0,10,"Rain, Partially cloudy",rain,"48900099999,VVTS"
ho chi minh,2022-09-08T04:00:00,25.9,25.9,24,89.35,0,0,rain,0,0,7.2,10.1,210,1009.1,53.7,10.9,0,,0,10,Partially cloudy,partly-cloudy-night,"48894099999,48900099999,VVTS"
ho chi minh,2022-09-08T05:00:00,26,26,24,88.76,0.5,100,rain,0,0,6.8,13,220,1010,50,10,0,,0,10,"Rain, Partially cloudy",rain,"48900099999,VVTS"
ho chi minh,2022-09-08T06:00:00,25,25,24,94.19,0.6,100,rain,0,0,6.5,20.5,250,1010,50,8,0,,0,10,"Rain, Partially cloudy",rain,"48900099999,VVTS"
ho chi minh,2022-09-08T07:00:00,24.9,24.9,23,89.17,0,0,rain,0,0,29.2,16.1,238,1011.1,88.9,10,19,0.1,0,10,Partially cloudy,partly-cloudy-day,"48894099999,48900099999,VVTS"
ho chi minh,2022-09-08T08:00:00,26,26,22,78.64,0,0,,0,0,29.5,14.8,220,1012,88.8,10,27,0.1,0,10,Partially cloudy,partly-cloudy-day,"48900099999,VVTS"
ho chi minh,2022-09-08T09:00:00,28,31.2,23,74.3,0,0,,0,0,22.7,16.6,230,1012,50,10,44,0.2,0,10,Partially cloudy,partly-cloudy-day,"48900099999,VVTS"
ho chi minh,2022-09-08T10:00:00,27.9,31.6,23.8,78.11,0,0,,0,0,20.5,20.9,250,1012.1,53.7,10.9,311,1.1,3,10,Partially cloudy,partly-cloudy-day,"48894099999,48900099999,VVTS"
ho chi minh,2022-09-08T11:00:00,30,35.1,24,70.29,0,0,rain,0,0,17.6,20.5,260,1011,88.8,10,897,3.2,9,30,Partially cloudy,partly-cloudy-day,"48900099999,VVTS"
ho chi minh,2022-09-08T12:00:00,30,35.1,24,70.29,0.5,100,rain,0,0,19.4,14.8,260,1010,50,10,735,2.6,7,30,"Rain, Partially cloudy",rain,"48900099999,VVTS"
ho chi minh,2022-09-08T13:00:00,30.9,35.3,23,62.69,0,0,rain,0,0,20.9,19.6,239,1009.1,53.7,10.9,811,2.9,8,30,Partially cloudy,partly-cloudy-day,"48894099999,48900099999,VVTS"
ho chi minh,2022-09-08T14:00:00,31,36.5,24,66.38,0,0,rain,0,0,20.5,18.4,250,1009,50,10,755,2.7,8,30,Partially cloudy,partly-cloudy-day,"48900099999,VVTS"
ho chi minh,2022-09-08T15:00:00,27,30.6,25,88.84,1.1,100,rain,0,0,22.7,20.5,240,1008,88.8,10,645,2.3,6,30,"Rain, Partially cloudy",rain,"48900099999,VVTS"
ho chi minh,2022-09-08T16:00:00,30,34.2,23.1,66.37,0,0,,0,0,22,16,257,1007.1,50.9,10.9,497,1.8,5,10,Partially cloudy,partly-cloudy-day,"48894099999,48900099999,VVTS"
ho chi minh,2022-09-08T17:00:00,29,32.7,23,70.11,1,100,rain,0,0,16.2,16.6,260,1008,27,10,272,1,3,10,"Rain, Partially cloudy",rain,"48900099999,VVTS"
ho chi minh,2022-09-08T18:00:00,28,31.2,23,74.3,1.7,100,rain,0,0,15.5,13,240,1008,50,10,50,0.2,0,10,"Rain, Partially cloudy",rain,"48900099999,VVTS"
ho chi minh,2022-09-08T19:00:00,27,29.7,23,78.61,0,0,,0,0,16.6,11.7,260,1010,52.8,10.9,0,,0,10,Partially cloudy,partly-cloudy-night,"48894099999,48900099999,VVTS"
ho chi minh,2022-09-08T20:00:00,27,30.1,24,83.68,0,0,,0,0,11.5,7.6,260,1011,50,10,0,,0,10,Partially cloudy,partly-cloudy-night,"48900099999,VVTS"
ho chi minh,2022-09-08T21:00:00,27,30.1,24,83.68,0,0,,0,0,6.8,11.2,230,1012,50,10,0,,0,10,Partially cloudy,partly-cloudy-night,"48900099999,VVTS"
ho chi minh,2022-09-08T22:00:00,27,30,24,83.86,0,0,,0,0,4.3,10.3,240,1012.1,52.8,10.9,0,,0,10,Partially cloudy,partly-cloudy-night,"48894099999,48900099999,VVTS"
ho chi minh,2022-09-08T23:00:00,27,30.1,24,83.68,0.2,100,rain,0,0,8.3,9.4,220,1012,50,10,0,,0,10,"Rain, Partially cloudy",rain,"48900099999,VVTS"
ho chi minh,2022-09-09T00:00:00,26,26,24,88.76,0,0,,0,0,6.8,5.4,240,1011,50,10,0,,0,10,Partially cloudy,partly-cloudy-night,"48900099999,VVTS"
ho chi minh,2022-09-09T01:00:00,26,26,24,88.91,0,0,,0,0,3.6,8.9,250,1010.1,49.1,10.9,0,,0,10,Partially cloudy,partly-cloudy-night,"48894099999,48900099999,VVTS"
ho chi minh,2022-09-09T02:00:00,26,26,24,88.76,0,0,,0,0,3.2,5.4,213.1,1010,50,10,0,,0,10,Partially cloudy,partly-cloudy-night,"48900099999,VVTS"
ho chi minh,2022-09-09T03:00:00,25,25,24,94.19,0,0,,0,0,5,3.6,212.5,1009,50,10,0,,0,10,Partially cloudy,partly-cloudy-night,"48900099999,VVTS"
ho chi minh,2022-09-09T04:00:00,25,25,24,94.24,0,0,,0,0,5,1.6,238.4,1009.1,52.8,10.9,0,,0,10,Partially cloudy,partly-cloudy-night,"48894099999,48900099999,VVTS"
ho chi minh,2022-09-09T05:00:00,25,25,24,94.19,0,0,,0,0,5.8,3.6,250,1009,50,10,0,,0,10,Partially cloudy,partly-cloudy-night,"48900099999,VVTS"
ho chi minh,2022-09-09T06:00:00,25,25,24,94.19,0,0,,0,0,5,1.8,288.9,1010,27,10,2,0,0,10,Partially cloudy,partly-cloudy-day,"48900099999,VVTS"
ho chi minh,2022-09-09T07:00:00,26.9,30.3,24.9,89.08,0,0,,0,0,9,2.9,252.1,1010.1,27.3,10.9,123,0.4,1,10,Partially cloudy,partly-cloudy-day,"48894099999,48900099999,VVTS"
ho chi minh,2022-09-09T08:00:00,29,33.6,24,74.46,0,0,,0,0,7.6,11.2,280,1011,27,10,364,1.3,4,30,Partially cloudy,partly-cloudy-day,"48900099999,VVTS"
ho chi minh,2022-09-09T09:00:00,30,35.1,24,70.29,0,0,,0,0,14.4,13,300,1011,50,10,598,2.2,6,30,Partially cloudy,partly-cloudy-day,"48900099999,VVTS"
ho chi minh,2022-09-09T10:00:00,30,36,24.9,74,0,0,,0,0,14.8,9.6,294,1012,88,10.9,792,2.9,8,30,Partially cloudy,partly-cloudy-day,"48894099999,48900099999,VVTS"
ho chi minh,2022-09-09T11:00:00,31,37.7,25,70.47,0,0,,0,0,14.8,9.4,310,1012,88.8,10,925,3.3,9,30,Partially cloudy,partly-cloudy-day,"48900099999,VVTS"
ho chi minh,2022-09-09T12:00:00,31,37.7,25,70.47,0.1,100,rain,0,0,33.5,11.2,340,1011,88.8,10,960,3.5,10,30,"Rain, Partially cloudy",rain,"48900099999,VVTS"
ho chi minh,2022-09-09T13:00:00,32.9,40.3,24.9,62.88,0,0,,0,0,11.2,9.2,313,1009.1,86.1,10.9,606,2.2,6,30,Partially cloudy,partly-cloudy-day,"48894099999,48900099999,VVTS"
ho chi minh,2022-09-09T14:00:00,33,40.6,25,62.93,0,0,rain,0,0,11.9,9.4,320,1008,88.8,10,328,1.2,3,30,Partially cloudy,partly-cloudy-day,"48900099999,VVTS"
ho chi minh,2022-09-09T15:00:00,34,40.6,24,56.04,0,0,,0,0,10.1,9.4,360,1007,50,10,467,1.7,5,30,Partially cloudy,partly-cloudy-day,"48900099999,VVTS"
ho chi minh,2022-09-09T16:00:00,33,38,23,55.92,0,0,,0,0,9.4,6.9,50,1006.1,48.1,10.9,396,1.4,4,30,Partially cloudy,partly-cloudy-day,"48894099999,48900099999,VVTS"
ho chi minh,2022-09-09T17:00:00,33,39.2,24,59.27,0,0,,0,0,9.7,5.4,256.1,1007,27,10,247,0.9,2,30,Partially cloudy,partly-cloudy-day,"48900099999,VVTS"
ho chi minh,2022-09-09T18:00:00,32,37.9,24,62.71,0,0,rain,0,0,14.4,9.4,200,1008,50,8,56,0.2,0,30,Partially cloudy,partly-cloudy-night,"48900099999,VVTS"
ho chi minh,2022-09-09T19:00:00,30.9,36.6,24.1,67.34,0,0,,0,0,19.1,9.2,213,1009,52.8,10.9,0,,0,30,Partially cloudy,partly-cloudy-night,"48894099999,48900099999,VVTS"
ho chi minh,2022-09-09T20:00:00,30,37.4,26,79.19,0,0,,0,0,20.2,13,170,1010,50,10,0,,0,30,Partially cloudy,partly-cloudy-night,"48900099999,VVTS"
ho chi minh,2022-09-09T21:00:00,29,35.6,26,83.9,0.5,100,rain,0,0,19.8,11.2,170,1011,50,10,0,,0,30,"Rain, Partially cloudy",rain,"48900099999,VVTS"
ho chi minh,2022-09-09T22:00:00,28,32.6,25,83.97,0,0,,0,0,18.7,9.2,239,1011.1,52.8,10.9,0,,0,30,Partially cloudy,partly-cloudy-night,"48894099999,48900099999,VVTS"
ho chi minh,2022-09-09T23:00:00,28,32.7,25,83.79,0.4,100,rain,0,0,13.7,1.8,184.6,1011,50,10,0,,0,30,"Rain, Partially cloudy",rain,"48900099999,VVTS"
ho chi minh,2022-09-10T00:00:00,28,32.7,25,83.79,0,0,,0,0,11.9,5.4,184.6,1011,50,10,0,,0,30,Partially cloudy,partly-cloudy-night,"48900099999,VVTS"
ho chi minh,2022-09-10T01:00:00,27,31.2,25.9,93.96,0,0,,0,0,12.6,0,0,1010.1,54.7,10.9,0,,0,30,Partially cloudy,partly-cloudy-night,"48894099999,48900099999,VVTS"
ho chi minh,2022-09-10T02:00:00,27,31.2,26,94.27,0,0,,0,0,11.5,1.8,185.9,1009,50,10,0,,0,10,Partially cloudy,partly-cloudy-night,"48900099999,VVTS"
ho chi minh,2022-09-10T03:00:00,26,26,26,100,0,0,,0,0,9,1.8,185.1,1009,50,10,0,,0,10,Partially cloudy,partly-cloudy-night,"48900099999,VVTS"
ho chi minh,2022-09-10T04:00:00,26.9,30.9,25.9,94.38,0,0,,0,0,7.6,6,200,1009,52.8,8.2,0,,0,10,Partially cloudy,partly-cloudy-night,"48894099999,48900099999,VVTS"
ho chi minh,2022-09-10T05:00:00,27,31.2,26,94.27,0,0,,0,0,8.6,5.4,220,1009,50,8,0,,0,10,Partially cloudy,partly-cloudy-night,"48900099999,VVTS"
ho chi minh,2022-09-10T06:00:00,26,26,26,100,0,0,,0,0,8.6,7.6,260,1009,50,8,2,0,0,10,Partially cloudy,partly-cloudy-day,"48900099999,VVTS"
ho chi minh,2022-09-10T07:00:00,27.9,33.3,26,89.6,5,100,rain,0,0,7.6,2.9,155.9,1010,52.8,9.1,114,0.4,1,10,"Rain, Partially cloudy",rain,"48894099999,48900099999,VVTS"
ho chi minh,2022-09-10T08:00:00,30,37.4,26,79.19,0,0,,0,0,7.6,3.6,153.9,1011,50,8,346,1.2,3,30,Partially cloudy,partly-cloudy-day,"48900099999,VVTS"
ho chi minh,2022-09-10T09:00:00,31,37.7,25,70.47,0,0,,0,0,8.3,0,0,1011,88.8,8,555,2,6,30,Partially cloudy,partly-cloudy-day,"48900099999,VVTS"
ho chi minh,2022-09-10T10:00:00,31,36.6,24.1,66.61,0,0,rain,0,0,10.8,5.9,140,1011.1,85.2,10.9,701,2.5,7,30,Partially cloudy,partly-cloudy-day,"48894099999,48900099999,VVTS"
ho chi minh,2022-09-10T11:00:00,32,37.9,24,62.71,0,0,rain,0,0,12.2,13,80,1011,88.8,10,828,3,8,30,Partially cloudy,partly-cloudy-day,"48900099999,VVTS"
ho chi minh,2022-09-10T12:00:00,33,39.2,24,59.27,0,0,rain,0,0,13.7,9.4,100,1010,88.8,10,828,3,8,30,Partially cloudy,partly-cloudy-day,"48900099999,VVTS"
ho chi minh,2022-09-10T13:00:00,33,38.2,23.2,56.5,0,0,,0,0,13,6.8,50,1008.1,50.9,10.9,665,2.4,7,30,Partially cloudy,partly-cloudy-day,"48894099999,48900099999,VVTS"
ho chi minh,2022-09-10T14:00:00,33,39.2,24,59.27,0,0,rain,0,0,11.9,13,110,1007,88.8,10,248,0.9,2,30,Partially cloudy,partly-cloudy-day,"48900099999,VVTS"
ho chi minh,2022-09-10T15:00:00,34,39.3,23,52.76,0,0,rain,0,0,12.6,9.4,110,1006,88.8,10,519,1.9,5,30,Partially cloudy,partly-cloudy-day,"48900099999,VVTS"
ho chi minh,2022-09-10T16:00:00,31.9,38.9,24.9,66.82,0,0,rain,0,0,15.1,14.7,134,1006,52.8,10.9,480,1.7,5,30,Partially cloudy,partly-cloudy-day,"48894099999,48900099999,VVTS"
ho chi minh,2022-09-10T17:00:00,31,36.5,24,66.38,0,0,,0,0,20.9,16.6,150,1007,50,10,268,1,3,30,Partially cloudy,partly-cloudy-day,"48900099999,VVTS"
ho chi minh,2022-09-10T18:00:00,30,36.2,25,74.63,0,0,,0,0,25.6,14.8,150,1008,50,10,57,0.2,0,30,Partially cloudy,partly-cloudy-night,"48900099999,VVTS"
ho chi minh,2022-09-10T19:00:00,29.9,36,25,75.23,0,0,,0,0,26.6,15.7,149,1009.1,50,10.9,0,,0,30,Partially cloudy,partly-cloudy-night,"48894099999,48900099999,VVTS"
ho chi minh,2022-09-10T20:00:00,29,34.5,25,79.06,0,0,,0,0,25.9,14.8,150,1010,27,10,0,,0,30,Partially cloudy,partly-cloudy-night,"48900099999,VVTS"
ho chi minh,2022-09-10T21:00:00,29,34.5,25,79.06,0,0,,0,0,24.1,13,160,1011,27,10,0,,0,30,Partially cloudy,partly-cloudy-night,"48900099999,VVTS"
ho chi minh,2022-09-10T22:00:00,28.9,34.3,25,79.7,0,0,,0,0,22.7,8.8,188,1011.1,49.1,10.9,0,,0,30,Partially cloudy,partly-cloudy-night,"48894099999,48900099999,VVTS"
ho chi minh,2022-09-10T23:00:00,28,32.7,25,83.79,0,0,,0,0,21.6,9.4,210,1011,50,10,0,,0,30,Partially cloudy,partly-cloudy-night,"48900099999,VVTS"
ho chi minh,2022-09-11T00:00:00,25,25,24,94.19,0,0,,0,0,18.7,5.4,117.8,1011,50,5,0,,0,30,Partially cloudy,partly-cloudy-night,"48900099999,VVTS"
ho chi minh,2022-09-11T01:00:00,25.1,25.1,25,99,6,100,rain,0,0,15.1,2.3,360,1010,53.7,9.3,0,,0,30,"Rain, Partially cloudy",rain,"48894099999,48900099999,VVTS"
ho chi minh,2022-09-11T02:00:00,26,26,25,94.23,0,0,,0,0,15.5,3.6,108.3,1009,50,8,0,,0,30,Partially cloudy,partly-cloudy-night,"48900099999,VVTS"
ho chi minh,2022-09-11T03:00:00,26,26,25,94.23,0,0,,0,0,16.6,1.8,114.1,1009,50,10,0,,0,30,Partially cloudy,partly-cloudy-night,"48900099999,VVTS"
ho chi minh,2022-09-11T04:00:00,25,25,24,94.3,0,0,,0,0,15.1,3.3,109.8,1009,89.9,8.2,0,,0,10,Partially cloudy,partly-cloudy-night,"48894099999,48900099999,VVTS"
ho chi minh,2022-09-11T05:00:00,25,25,25,100,0,0,,0,0,16.2,3.6,100,1009,88,8,0,,0,10,Partially cloudy,partly-cloudy-night,VVTS
ho chi minh,2022-09-11T06:00:00,25,25,24,94.19,0,0,,0,0,16.6,5.4,110.6,1009,50,10,2,0,0,10,Partially cloudy,partly-cloudy-day,VVTS
ho chi minh,2022-09-11T07:00:00,26,26,25,94.23,0,0,,0,0,17.3,5.4,109.7,1010,50,10,125,0.5,1,10,Partially cloudy,partly-cloudy-day,VVTS
ho chi minh,2022-09-11T08:00:00,28,32.6,25,83.78,0,0,,0,0,14.4,1.8,100.8,1010,50,10,368,1.3,4,30,Partially cloudy,partly-cloudy-day,VVTS
ho chi minh,2022-09-11T09:00:00,30,35,24,70.28,0,0,,0,0,13,5.4,100.3,1010,50,10,568,2,6,10,Partially cloudy,partly-cloudy-day,VVTS
ho chi minh,2022-09-11T10:00:00,30,35,24,70.28,0,0,,0,0,11.9,7.6,70,1010,50,10,778,2.8,8,10,Partially cloudy,partly-cloudy-day,VVTS
ho chi minh,2022-09-11T11:00:00,31,36.4,24,66.37,0,0,,0,0,11.5,7.6,80,1009,88,10,928,3.3,9,30,Partially cloudy,partly-cloudy-day,VVTS
ho chi minh,2022-09-11T12:00:00,32,37.8,24,62.7,0,0,rain,0,0,10.8,5.4,116.7,1009,88,10,991,3.6,10,30,Partially cloudy,partly-cloudy-day,VVTS
ho chi minh,2022-09-11T13:00:00,33,40.5,25,62.92,0,0,rain,0,0,10.1,9,153.8,1007,50,10,956,3.4,10,30,Partially cloudy,partly-cloudy-day,VVTS
ho chi minh,2022-09-11T14:00:00,34,40.5,24,56.03,0,0,rain,0,0,11.9,11.2,140,1006,50,10,629,2.3,6,30,Partially cloudy,partly-cloudy-day,VVTS
ho chi minh,2022-09-11T15:00:00,29,34.4,25,79.05,0,0,,0,0,14.8,16.6,140,1006,50,8,409,1.5,4,30,Partially cloudy,partly-cloudy-day,VVTS
ho chi minh,2022-09-11T16:00:00,27,30.5,25,88.83,0,0,,0,0,16.2,7.6,310,1006,50,10,298,1.1,3,30,Partially cloudy,partly-cloudy-day,VVTS
ho chi minh,2022-09-11T17:00:00,29,34.4,25,79.05,0,0,,0,0,20.5,13,150,1006,88,10,175,0.6,2,30,Partially cloudy,partly-cloudy-day,VVTS
ho chi minh,2022-09-11T18:00:00,29,34.4,25,79.05,0,0,,0,0,22.7,13,170,1007,88,10,40,0.1,0,30,Partially cloudy,partly-cloudy-night,VVTS
ho chi minh,2022-09-11T19:00:00,29,34.4,25,79.05,0,0,,0,0,26.3,11.2,150,1008,88,10,0,,0,30,Partially cloudy,partly-cloudy-night,VVTS
ho chi minh,2022-09-11T20:00:00,29,34.4,25,79.05,0,0,rain,0,0,26.3,14.8,160,1009,50,10,0,,0,30,Partially cloudy,partly-cloudy-night,VVTS
ho chi minh,2022-09-11T21:00:00,27,30,24,83.67,0,0,rain,0,0,25.2,11.2,170,1010,50,10,0,,0,30,Partially cloudy,partly-cloudy-night,VVTS
ho chi minh,2022-09-11T22:00:00,27,30,24,83.67,0,0,rain,0,0,25.2,3.6,137.5,1010,50,10,0,,0,30,Partially cloudy,partly-cloudy-night,VVTS
ho chi minh,2022-09-11T23:00:00,27,30.5,25,88.83,0,0,rain,0,0,22.7,3.6,132.8,1010,50,10,0,,0,10,Partially cloudy,partly-cloudy-night,VVTS
ho chi minh,2022-09-12T00:00:00,27,30,24,83.67,3,100,rain,0,0,13.3,11.2,130,1010,88,10,0,,0,10,"Rain, Partially cloudy",rain,VVTS
ho chi minh,2022-09-12T01:00:00,26,26,25,94.23,1.8,100,rain,0,0,10.4,3.6,180.9,1010,88,10,0,,0,10,"Rain, Partially cloudy",rain,VVTS
ho chi minh,2022-09-12T02:00:00,26,26,24,88.75,0,0,,0,0,5,1.8,211.8,1009,88,10,0,,0,10,Partially cloudy,partly-cloudy-night,VVTS
ho chi minh,2022-09-12T03:00:00,25,25,25,100,0,0,,0,0,3.6,3.6,290,1008,88,8,0,,0,10,Partially cloudy,partly-cloudy-night,VVTS
ho chi minh,2022-09-12T04:00:00,26,26,25,94.23,0,0,,0,0,2.5,0,316.7,1008,88,8,0,,0,10,Partially cloudy,partly-cloudy-night,VVTS
ho chi minh,2022-09-12T05:00:00,25,25,24,94.19,0,0,,0,0,2.2,3.6,42.6,1008,88,7,0,,0,10,Partially cloudy,partly-cloudy-night,VVTS
ho chi minh,2022-09-12T06:00:00,25,25,24,94.19,0,0,,0,0,1.4,3.6,91,1008,50,10,1,0,0,10,Partially cloudy,partly-cloudy-day,VVTS
ho chi minh,2022-09-12T07:00:00,27,30.5,25,88.83,0.1,100,rain,0,0,4,3.6,70,1009,50,10,47,0.2,0,30,"Rain, Partially cloudy",rain,VVTS
ho chi minh,2022-09-12T08:00:00,28,32.6,25,83.78,0,0,,0,0,5.4,5.4,103.1,1009,25,10,46,0.2,0,30,Partially cloudy,partly-cloudy-day,VVTS
ho chi minh,2022-09-12T09:00:00,29,33.5,24,74.46,0,0,,0,0,6.8,5.4,164.2,1010,50,24.1,78,0.3,1,30,Partially cloudy,partly-cloudy-day,VVTS
ho chi minh,2022-09-12T10:00:00,30,35,24,70.28,0,0,,0,0,10.4,9.4,140,1010,88,10,377,1.4,4,60,Partially cloudy,partly-cloudy-day,VVTS
ho chi minh,2022-09-12T11:00:00,31,36.4,24,66.37,0,0,rain,0,0,12.2,3.6,136.7,1010,88,10,816,2.9,8,30,Partially cloudy,partly-cloudy-day,VVTS
ho chi minh,2022-09-12T12:00:00,33,39.1,24,59.26,0.1,100,rain,0,0,12.2,5.4,230,1009,88,10,955,3.4,10,60,"Rain, Partially cloudy",rain,VVTS
ho chi minh,2022-09-12T13:00:00,32,39.1,25,66.57,0.2,100,rain,0,0,10.4,9.4,150,1007,88,10,763,2.7,8,60,"Rain, Partially cloudy",rain,VVTS
ho chi minh,2022-09-12T14:00:00,31,37.6,25,70.47,1.5,100,rain,0,0,9.4,5.4,180.7,1007,88,10,486,1.7,5,60,"Rain, Partially cloudy",rain,VVTS
ho chi minh,2022-09-12T15:00:00,27,29.5,23,78.77,0,0,,0,0,6.1,11.2,310,1007,88,10,275,1,3,75,Partially cloudy,partly-cloudy-day,VVTS
ho chi minh,2022-09-12T16:00:00,28,31.8,24,78.91,0,0,rain,0,0,9,3.6,193.3,1007,88,10,370,1.3,4,75,Partially cloudy,partly-cloudy-day,VVTS
ho chi minh,2022-09-12T17:00:00,26,26,25,94.23,0,0,,0,0,16.2,9.4,260,1008,88,8,151,0.5,2,60,Partially cloudy,partly-cloudy-day,VVTS
ho chi minh,2022-09-12T18:00:00,26,26,24,88.75,0,0,,0,0,19.1,5.4,176.5,1008,88,10,20,0.1,0,60,Partially cloudy,partly-cloudy-night,VVTS
ho chi minh,2022-09-12T19:00:00,26,26,25,94.23,0,0,,0,0,8.3,4.7,164.8,1009,88,10,0,,0,30,Partially cloudy,partly-cloudy-night,VVTS
ho chi minh,2022-09-12T20:00:00,26,26,25,94.23,0,0,,0,0,5,3.6,154.2,1008,88,10,0,,0,30,Partially cloudy,partly-cloudy-night,VVTS
ho chi minh,2022-09-12T21:00:00,26,26,25,94.23,0,0,,0,0,2.2,9.4,90,1008,88,8,0,,0,30,Partially cloudy,partly-cloudy-night,VVTS
ho chi minh,2022-09-12T22:00:00,25,25,24,94.19,0,0,,0,0,1.1,9.4,65.8,1009,88,8,0,,0,30,Partially cloudy,partly-cloudy-night,VVTS
ho chi minh,2022-09-12T23:00:00,25,25,24,94.19,0,0,,0,0,5,7.6,50,1009,50,10,0,,0,30,Partially cloudy,partly-cloudy-night,VVTS
